A絪;Mes;CodCliente;codproducto;mercado;Pais;MontoUSD
2007;1;C0031;FRU0001;CHILE;CHILE;831
2007;1;C0031;FRU0002;CHILE;CHILE;1248
2007;1;C0031;FRU0003;CHILE;CHILE;688
2007;1;C0031;FRU0004;CHILE;CHILE;215
2007;1;C0031;FRU0005;CHILE;CHILE;1034
2007;1;C0031;FRU0006;CHILE;CHILE;344
2007;1;C0031;FRU0007;CHILE;CHILE;860
2007;1;C0031;FRU0008;CHILE;CHILE;316
2007;1;C0031;FRU0009;CHILE;CHILE;316
2007;1;C0031;FRU0010;CHILE;CHILE;1594
2007;1;C0031;FRU0011;CHILE;CHILE;2173
2007;1;C0031;FRU0012;CHILE;CHILE;833
2007;1;C0031;FRU0013;CHILE;CHILE;181
2007;1;C0032;FRU0011;CHILE;CHILE;1364
2007;1;C0032;FRU0002;CHILE;CHILE;880
2007;1;C0032;FRU0001;CHILE;CHILE;1056
2007;1;C0032;FRU0004;CHILE;CHILE;492
2007;1;C0032;FRU0008;CHILE;CHILE;238
2007;1;C0085;FRU0003;CHILE;CHILE;6235
2007;1;C0085;FRU0010;CHILE;CHILE;1410
2007;1;C0085;FRU0012;CHILE;CHILE;1087
2007;1;C0085;FRU0011;CHILE;CHILE;1356
2007;1;C0085;FRU0009;CHILE;CHILE;1356
2007;1;C0085;FRU0005;CHILE;CHILE;3836
2007;1;C0085;FRU0002;CHILE;CHILE;594
2007;1;C0085;FRU0013;CHILE;CHILE;636
2007;1;C0085;FRU0009;CHILE;CHILE;381
2007;1;C0032;FRU0009;CHILE;CHILE;716
2007;1;C0032;FRU0008;CHILE;CHILE;1056
2007;1;C0032;FRU0009;CHILE;CHILE;99
2007;1;C0032;FRU0012;CHILE;CHILE;198
2007;1;C0032;FRU0019;CHILE;CHILE;198
2007;1;C0032;FRU0021;CHILE;CHILE;198
2007;1;C0032;FRU0013;CHILE;CHILE;198
2007;1;C0032;FRU0006;CHILE;CHILE;352
2007;1;C0032;FRU0005;CHILE;CHILE;704
2007;1;C0032;FRU0007;CHILE;CHILE;528
2007;1;C0032;FRU0003;CHILE;CHILE;880
2007;1;C0032;FRU0010;CHILE;CHILE;704
2007;1;C0032;FRU0013;CHILE;CHILE;477
2007;2;C0031;FRU0001;CHILE;CHILE;279
2007;2;C0031;FRU0003;CHILE;CHILE;173
2007;2;C0031;FRU0008;CHILE;CHILE;91
2007;2;C0031;FRU0011;CHILE;CHILE;624
2007;2;C0036;FRU0011;CHILE;CHILE;1470
2007;2;C0036;FRU0013;CHILE;CHILE;278
2007;2;C0036;FRU0005;CHILE;CHILE;222
2007;2;C0036;FRU0010;CHILE;CHILE;278
2007;2;C0036;FRU0003;CHILE;CHILE;278
2007;2;C0032;FRU0011;CHILE;CHILE;829
2007;2;C0032;FRU0002;CHILE;CHILE;1069
2007;2;C0032;FRU0001;CHILE;CHILE;891
2007;2;C0032;FRU0010;CHILE;CHILE;891
2007;2;C0032;FRU0003;CHILE;CHILE;891
2007;2;C0032;FRU0005;CHILE;CHILE;713
2007;2;C0032;FRU0006;CHILE;CHILE;356
2007;2;C0032;FRU0019;CHILE;CHILE;500
2007;2;C0032;FRU0013;CHILE;CHILE;400
2007;2;C0032;FRU0015;CHILE;CHILE;500
2007;2;C0032;FRU0008;CHILE;CHILE;713
2007;2;C0085;FRU0011;CHILE;CHILE;2206
2007;2;C0085;FRU0006;CHILE;CHILE;285
2007;2;C0085;FRU0019;CHILE;CHILE;2061
2007;2;C0085;FRU0009;CHILE;CHILE;257
2007;2;C0085;FRU0002;CHILE;CHILE;1002
2007;2;C0085;FRU0001;CHILE;CHILE;1002
2007;2;C0032;FRU0018;CHILE;CHILE;220
2007;2;C0032;FRU0004;CHILE;CHILE;356
2007;2;C0032;FRU0009;CHILE;CHILE;483
2007;2;C0032;FRU0008;CHILE;CHILE;290
2007;2;C0032;FRU0021;CHILE;CHILE;200
2007;2;C0032;FRU0012;CHILE;CHILE;200
2007;2;C0032;FRU0009;CHILE;CHILE;100
2007;2;C0035;FRU0005;CHILE;CHILE;1393
2007;2;C0035;FRU0022;CHILE;CHILE;1069
2007;2;C0035;FRU0018;CHILE;CHILE;1838
2007;3;C0031;FRU0001;CHILE;CHILE;773
2007;3;C0031;FRU0002;CHILE;CHILE;703
2007;3;C0031;FRU0003;CHILE;CHILE;219
2007;3;C0031;FRU0005;CHILE;CHILE;610
2007;3;C0031;FRU0006;CHILE;CHILE;219
2007;3;C0031;FRU0007;CHILE;CHILE;656
2007;3;C0031;FRU0004;CHILE;CHILE;1377
2007;3;C0031;FRU0023;CHILE;CHILE;1148
2007;3;C0031;FRU0008;CHILE;CHILE;781
2007;3;C0031;FRU0010;CHILE;CHILE;1748
2007;3;C0031;FRU0011;CHILE;CHILE;4082
2007;3;C0031;FRU0012;CHILE;CHILE;1197
2007;3;C0031;FRU0004;CHILE;CHILE;522
2007;3;C0031;FRU0013;CHILE;CHILE;230
2007;3;C0031;FRU0009;CHILE;CHILE;92
2007;3;C0031;FRU0004;CHILE;CHILE;435
2007;3;C0031;FRU0021;CHILE;CHILE;137
2007;3;C0032;FRU0011;CHILE;CHILE;1103
2007;3;C0032;FRU0010;CHILE;CHILE;889
2007;3;C0032;FRU0005;CHILE;CHILE;1067
2007;3;C0032;FRU0011;CHILE;CHILE;200
2007;3;C0032;FRU0008;CHILE;CHILE;996
2007;3;C0032;FRU0004;CHILE;CHILE;355
2007;3;C0032;FRU0009;CHILE;CHILE;820
2007;3;C0032;FRU0008;CHILE;CHILE;385
2007;3;C0032;FRU0007;CHILE;CHILE;355
2007;3;C0032;FRU0013;CHILE;CHILE;200
2007;3;C0032;FRU0009;CHILE;CHILE;120
2007;3;C0032;FRU0013;CHILE;CHILE;482
2007;3;C0036;FRU0004;CHILE;CHILE;55
2007;3;C0035;FRU0006;CHILE;CHILE;463
2007;3;C0035;FRU0004;CHILE;CHILE;463
2007;3;C0085;FRU0004;CHILE;CHILE;5143
2007;3;C0085;FRU0023;CHILE;CHILE;4179
2007;3;C0085;FRU0006;CHILE;CHILE;285
2007;3;C0085;FRU0015;CHILE;CHILE;1256
2007;3;C0085;FRU0019;CHILE;CHILE;2356
2007;3;C0085;FRU0010;CHILE;CHILE;570
2007;3;C0085;FRU0008;CHILE;CHILE;228
2007;3;C0085;FRU0012;CHILE;CHILE;157
2007;3;C0085;FRU0021;CHILE;CHILE;321
2007;3;C0085;FRU0009;CHILE;CHILE;450
2007;3;C0085;FRU0002;CHILE;CHILE;1501
2007;3;C0085;FRU0001;CHILE;CHILE;1001
2007;3;C0085;FRU0011;CHILE;CHILE;2202
2007;3;C0085;FRU0004;CHILE;CHILE;855
2007;3;C0032;FRU0004;CHILE;CHILE;177
2007;3;C0032;FRU0023;CHILE;CHILE;241
2007;3;C0032;FRU0021;CHILE;CHILE;241
2007;4;C0031;FRU0001;CHILE;CHILE;142
2007;4;C0031;FRU0007;CHILE;CHILE;133
2007;4;C0031;FRU0023;CHILE;CHILE;139
2007;4;C0031;FRU0021;CHILE;CHILE;373
2007;4;C0031;FRU0011;CHILE;CHILE;638
2007;4;C0031;FRU0012;CHILE;CHILE;428
2007;4;C0085;FRU0019;CHILE;CHILE;7424
2007;4;C0085;FRU0010;CHILE;CHILE;2626
2007;4;C0085;FRU0012;CHILE;CHILE;1285
2007;4;C0085;FRU0006;CHILE;CHILE;583
2007;4;C0085;FRU0001;CHILE;CHILE;2049
2007;4;C0085;FRU0002;CHILE;CHILE;2049
2007;4;C0085;FRU0015;CHILE;CHILE;4092
2007;4;C0085;FRU0031;CHILE;CHILE;3380
2007;4;C0085;FRU0009;CHILE;CHILE;658
2007;4;C0085;FRU0004;CHILE;CHILE;16197
2007;4;C0085;FRU0011;CHILE;CHILE;803
2007;4;C0085;FRU0008;CHILE;CHILE;291
2007;4;C0085;FRU0021;CHILE;CHILE;987
2007;4;C0085;FRU0008;CHILE;CHILE;131
2007;4;C0036;FRU0004;CHILE;CHILE;398
2007;4;C0036;FRU0005;CHILE;CHILE;170
2007;4;C0036;FRU0002;CHILE;CHILE;910
2007;4;C0036;FRU0023;CHILE;CHILE;853
2007;4;C0036;FRU0004;CHILE;CHILE;56
2007;4;C0036;FRU0021;CHILE;CHILE;56
2007;4;C0036;FRU0011;CHILE;CHILE;751
2007;4;C0036;FRU0004;CHILE;CHILE;455
2007;4;C0036;FRU0007;CHILE;CHILE;56
2007;4;C0032;FRU0010;CHILE;CHILE;1165
2007;4;C0032;FRU0004;CHILE;CHILE;1165
2007;4;C0032;FRU0005;CHILE;CHILE;1165
2007;4;C0032;FRU0006;CHILE;CHILE;437
2007;4;C0032;FRU0004;CHILE;CHILE;437
2007;4;C0032;FRU0008;CHILE;CHILE;592
2007;4;C0032;FRU0007;CHILE;CHILE;364
2007;4;C0032;FRU0013;CHILE;CHILE;307
2007;4;C0032;FRU0012;CHILE;CHILE;307
2007;4;C0032;FRU0009;CHILE;CHILE;204
2007;4;C0032;FRU0011;CHILE;CHILE;102
2007;4;C0032;FRU0008;CHILE;CHILE;728
2007;4;C0085;FRU0013;CHILE;CHILE;2807
2007;4;C0085;FRU0005;CHILE;CHILE;4960
2007;4;C0085;FRU0007;CHILE;CHILE;3968
2007;4;C0032;FRU0019;CHILE;CHILE;307
2007;4;C0032;FRU0023;CHILE;CHILE;148
2007;4;C0032;FRU0004;CHILE;CHILE;148
2007;4;C0032;FRU0002;CHILE;CHILE;109
2007;4;C0031;FRU0005;CHILE;CHILE;311
2007;4;C0031;FRU0006;CHILE;CHILE;133
2007;4;C0031;FRU0010;CHILE;CHILE;668
2007;5;C0032;FRU0023;CHILE;CHILE;446
2007;5;C0032;FRU0004;CHILE;CHILE;446
2007;5;C0034;FRU0012;CHILE;CHILE;300
2007;5;C0032;FRU0008;CHILE;CHILE;36
2007;5;C0032;FRU0012;CHILE;CHILE;205
2007;5;C0032;FRU0011;CHILE;CHILE;850
2007;5;C0032;FRU0013;CHILE;CHILE;1487
2007;5;C0085;FRU0012;CHILE;CHILE;970
2007;5;C0085;FRU0023;CHILE;CHILE;1663
2007;5;C0085;FRU0009;CHILE;CHILE;976
2007;5;C0085;FRU0021;CHILE;CHILE;1328
2007;5;C0085;FRU0031;CHILE;CHILE;1909
2007;5;C0085;FRU0001;CHILE;CHILE;1562
2007;5;C0085;FRU0005;CHILE;CHILE;2967
2007;5;C0085;FRU0019;CHILE;CHILE;1634
2007;5;C0085;FRU0004;CHILE;CHILE;2967
2007;5;C0085;FRU0002;CHILE;CHILE;364
2007;5;C0085;FRU0013;CHILE;CHILE;856
2007;5;C0085;FRU0007;CHILE;CHILE;890
2007;5;C0085;FRU0008;CHILE;CHILE;200
2007;5;C0032;FRU0001;CHILE;CHILE;365
2007;5;C0032;FRU0004;CHILE;CHILE;658
2007;5;C0032;FRU0007;CHILE;CHILE;109
2007;5;C0032;FRU0006;CHILE;CHILE;219
2007;5;C0032;FRU0004;CHILE;CHILE;182
2007;5;C0032;FRU0046;CHILE;CHILE;20
2007;5;C0032;FRU0047;CHILE;CHILE;20
2007;5;C0032;FRU0048;CHILE;CHILE;20
2007;5;C0032;FRU0014;CHILE;CHILE;20
2007;5;C0032;FRU0049;CHILE;CHILE;20
2007;5;C0032;FRU0050;CHILE;CHILE;20
2007;5;C0032;FRU0051;CHILE;CHILE;13
2007;5;C0032;FRU0052;CHILE;CHILE;13
2007;5;C0032;FRU0043;CHILE;CHILE;13
2007;5;C0032;FRU0038;CHILE;CHILE;13
2007;5;C0032;FRU0023;CHILE;CHILE;13
2007;5;C0032;FRU0009;CHILE;CHILE;13
2007;5;C0032;FRU0053;CHILE;CHILE;402
2007;5;C0032;FRU0022;CHILE;CHILE;511
2007;6;C0085;FRU0009;CHILE;CHILE;1928
2007;6;C0085;FRU0004;CHILE;CHILE;660
2007;6;C0085;FRU0012;CHILE;CHILE;644
2007;6;C0085;FRU0009;CHILE;CHILE;1883
2007;6;C0036;FRU0023;CHILE;CHILE;285
2007;6;C0036;FRU0021;CHILE;CHILE;285
2007;6;C0036;FRU0053;CHILE;CHILE;171
2007;6;C0036;FRU0004;CHILE;CHILE;285
2007;6;C0036;FRU0022;CHILE;CHILE;57
2007;6;C0036;FRU0056;CHILE;CHILE;941
2007;6;C0031;FRU0001;CHILE;CHILE;862
2007;6;C0031;FRU0005;CHILE;CHILE;134
2007;6;C0031;FRU0056;CHILE;CHILE;5141
2007;6;C0031;FRU0004;CHILE;CHILE;758
2007;6;C0031;FRU0022;CHILE;CHILE;1562
2007;6;C0031;FRU0004;CHILE;CHILE;1405
2007;6;C0031;FRU0023;CHILE;CHILE;610
2007;6;C0031;FRU0008;CHILE;CHILE;329
2007;6;C0031;FRU0053;CHILE;CHILE;1606
2007;6;C0031;FRU0012;CHILE;CHILE;432
2007;6;C0031;FRU0021;CHILE;CHILE;140
2007;6;C0031;FRU0006;CHILE;CHILE;88
2007;6;C0032;FRU0023;CHILE;CHILE;393
2007;6;C0032;FRU0019;CHILE;CHILE;61
2007;6;C0032;FRU0013;CHILE;CHILE;163
2007;6;C0032;FRU0001;CHILE;CHILE;544
2007;6;C0032;FRU0053;CHILE;CHILE;217
2007;6;C0032;FRU0004;CHILE;CHILE;253
2007;6;C0032;FRU0022;CHILE;CHILE;362
2007;6;C0032;FRU0004;CHILE;CHILE;393
2007;6;C0035;FRU0004;CHILE;CHILE;1185
2007;6;C0035;FRU0023;CHILE;CHILE;1422
2007;6;C0035;FRU0022;CHILE;CHILE;4741
2007;6;C0035;FRU0001;CHILE;CHILE;1092
2007;6;C0085;FRU0031;CHILE;CHILE;3201
2007;6;C0085;FRU0015;CHILE;CHILE;905
2007;6;C0085;FRU0005;CHILE;CHILE;2917
2007;6;C0085;FRU0004;CHILE;CHILE;2917
2007;6;C0085;FRU0021;CHILE;CHILE;329
2007;7;C0031;FRU0001;CHILE;CHILE;581
2007;7;C0031;FRU0004;CHILE;CHILE;630
2007;7;C0031;FRU0022;CHILE;CHILE;769
2007;7;C0031;FRU0006;CHILE;CHILE;317
2007;7;C0031;FRU0004;CHILE;CHILE;1332
2007;7;C0031;FRU0023;CHILE;CHILE;189
2007;7;C0031;FRU0021;CHILE;CHILE;333
2007;7;C0031;FRU0053;CHILE;CHILE;1132
2007;7;C0031;FRU0056;CHILE;CHILE;2916
2007;7;C0085;FRU0012;CHILE;CHILE;975
2007;7;C0085;FRU0022;CHILE;CHILE;3035
2007;7;C0085;FRU0010;CHILE;CHILE;943
2007;7;C0085;FRU0013;CHILE;CHILE;995
2007;7;C0085;FRU0004;CHILE;CHILE;3035
2007;7;C0085;FRU0021;CHILE;CHILE;996
2007;7;C0085;FRU0009;CHILE;CHILE;3064
2007;7;C0085;FRU0056;CHILE;CHILE;1567
2007;7;C0085;FRU0023;CHILE;CHILE;669
2007;7;C0032;FRU0053;CHILE;CHILE;1029
2007;7;C0032;FRU0004;CHILE;CHILE;1067
2007;7;C0032;FRU0007;CHILE;CHILE;367
2007;7;C0032;FRU0022;CHILE;CHILE;589
2007;7;C0032;FRU0013;CHILE;CHILE;393
2007;7;C0032;FRU0019;CHILE;CHILE;123
2007;7;C0032;FRU0008;CHILE;CHILE;917
2007;7;C0032;FRU0009;CHILE;CHILE;576
2007;7;C0032;FRU0056;CHILE;CHILE;776
2007;7;C0032;FRU0001;CHILE;CHILE;628
2007;7;C0032;FRU0031;CHILE;CHILE;102
2007;7;C0032;FRU0012;CHILE;CHILE;270
2007;7;C0032;FRU0021;CHILE;CHILE;41
2007;7;C0032;FRU0033;CHILE;CHILE;123
2007;7;C0032;FRU0006;CHILE;CHILE;701
2007;7;C0032;FRU0008;CHILE;CHILE;300
2007;7;C0032;FRU0023;CHILE;CHILE;350
2007;7;C0032;FRU0004;CHILE;CHILE;300
2007;7;C0036;FRU0053;CHILE;CHILE;175
2007;7;C0036;FRU0022;CHILE;CHILE;116
2007;7;C0036;FRU0001;CHILE;CHILE;280
2007;7;C0036;FRU0004;CHILE;CHILE;116
2007;7;C0036;FRU0008;CHILE;CHILE;116
2007;7;C0036;FRU0056;CHILE;CHILE;964
2007;7;C0036;FRU0056;CHILE;CHILE;467
2007;7;C0031;FRU0012;CHILE;CHILE;1318
2007;7;C0031;FRU0007;CHILE;CHILE;318
2007;7;C0031;FRU0056;CHILE;CHILE;1530
2007;7;C0031;FRU0006;CHILE;CHILE;95
2007;7;C0031;FRU0008;CHILE;CHILE;765
2007;7;C0085;FRU0033;CHILE;CHILE;1642
2007;7;C0032;FRU0056;CHILE;CHILE;568
2007;7;C0032;FRU0009;CHILE;CHILE;20
2007;7;C0085;FRU0001;CHILE;CHILE;1544
2007;7;C0085;FRU0004;CHILE;CHILE;661
2007;7;C0085;FRU0009;CHILE;CHILE;290
2007;8;C0085;FRU0010;CHILE;CHILE;826
2007;8;C0085;FRU0004;CHILE;CHILE;1319
2007;8;C0085;FRU0009;CHILE;CHILE;332
2007;8;C0085;FRU0009;CHILE;CHILE;1519
2007;8;C0036;FRU0021;CHILE;CHILE;229
2007;8;C0036;FRU0004;CHILE;CHILE;286
2007;8;C0036;FRU0023;CHILE;CHILE;172
2007;8;C0036;FRU0053;CHILE;CHILE;172
2007;8;C0036;FRU0004;CHILE;CHILE;172
2007;8;C0036;FRU0022;CHILE;CHILE;286
2007;8;C0036;FRU0056;CHILE;CHILE;458
2007;8;C0036;FRU0056;CHILE;CHILE;946
2007;8;C0036;FRU0001;CHILE;CHILE;458
2007;8;C0036;FRU0006;CHILE;CHILE;114
2007;8;C0085;FRU0053;CHILE;CHILE;1222
2007;8;C0085;FRU0013;CHILE;CHILE;4251
2007;8;C0085;FRU0021;CHILE;CHILE;1317
2007;8;C0032;FRU0058;CHILE;CHILE;110
2007;8;C0032;FRU0021;CHILE;CHILE;144
2007;8;C0035;FRU0022;CHILE;CHILE;11985
2007;8;C0085;FRU0004;CHILE;CHILE;7015
2007;8;C0085;FRU0022;CHILE;CHILE;4516
2007;8;C0085;FRU0012;CHILE;CHILE;490
2007;8;C0085;FRU0031;CHILE;CHILE;3942
2007;8;C0085;FRU0007;CHILE;CHILE;1917
2007;8;C0032;FRU0001;CHILE;CHILE;258
2007;8;C0032;FRU0056;CHILE;CHILE;554
2007;8;C0032;FRU0009;CHILE;CHILE;429
2007;8;C0032;FRU0053;CHILE;CHILE;258
2007;8;C0032;FRU0007;CHILE;CHILE;110
2007;8;C0032;FRU0013;CHILE;CHILE;83
2007;8;C0032;FRU0031;CHILE;CHILE;103
2007;8;C0032;FRU0004;CHILE;CHILE;100
2007;8;C0085;FRU0008;CHILE;CHILE;328
2007;8;C0085;FRU0056;CHILE;CHILE;2064
2007;8;C0032;FRU0004;CHILE;CHILE;330
2007;8;C0032;FRU0022;CHILE;CHILE;183
2007;8;C0032;FRU0012;CHILE;CHILE;62
2007;8;C0032;FRU0009;CHILE;CHILE;41
2007;8;C0032;FRU0033;CHILE;CHILE;41
2007;8;C0032;FRU0008;CHILE;CHILE;220
2007;8;C0032;FRU0006;CHILE;CHILE;199
2007;8;C0032;FRU0023;CHILE;CHILE;99
2007;8;C0032;FRU0021;CHILE;CHILE;99
2007;8;C0085;FRU0009;CHILE;CHILE;319
2007;8;C0085;FRU0023;CHILE;CHILE;982
2007;9;C0086;FRU0022;CHILE;CHILE;25899
2007;9;C0087;FRU0022;CHILE;CHILE;751
2007;9;C0036;FRU0053;CHILE;CHILE;58
2007;9;C0036;FRU0001;CHILE;CHILE;279
2007;9;C0036;FRU0004;CHILE;CHILE;349
2007;9;C0036;FRU0056;CHILE;CHILE;465
2007;9;C0036;FRU0007;CHILE;CHILE;58
2007;9;C0036;FRU0009;CHILE;CHILE;2304
2007;9;C0036;FRU0006;CHILE;CHILE;116
2007;9;C0031;FRU0004;CHILE;CHILE;361
2007;9;C0031;FRU0021;CHILE;CHILE;240
2007;9;C0031;FRU0006;CHILE;CHILE;95
2007;9;C0031;FRU0009;CHILE;CHILE;659
2007;9;C0085;FRU0031;CHILE;CHILE;4386
2007;9;C0085;FRU0021;CHILE;CHILE;2279
2007;9;C0085;FRU0009;CHILE;CHILE;1576
2007;9;C0085;FRU0009;CHILE;CHILE;3479
2007;9;C0088;FRU0022;CHILE;CHILE;611
2007;9;C0088;FRU0058;CHILE;CHILE;356
2007;9;C0032;FRU0006;CHILE;CHILE;473
2007;9;C0032;FRU0008;CHILE;CHILE;482
2007;9;C0032;FRU0033;CHILE;CHILE;90
2007;9;C0032;FRU0021;CHILE;CHILE;60
2007;9;C0032;FRU0009;CHILE;CHILE;75
2007;9;C0032;FRU0012;CHILE;CHILE;120
2007;9;C0032;FRU0031;CHILE;CHILE;180
2007;9;C0032;FRU0013;CHILE;CHILE;331
2007;9;C0032;FRU0058;CHILE;CHILE;320
2007;9;C0032;FRU0022;CHILE;CHILE;590
2007;9;C0032;FRU0007;CHILE;CHILE;375
2007;9;C0032;FRU0004;CHILE;CHILE;724
2007;9;C0032;FRU0053;CHILE;CHILE;348
2007;9;C0032;FRU0001;CHILE;CHILE;482
2007;9;C0032;FRU0056;CHILE;CHILE;429
2007;9;C0032;FRU0023;CHILE;CHILE;291
2007;9;C0032;FRU0004;CHILE;CHILE;218
2007;9;C0032;FRU0021;CHILE;CHILE;254
2007;9;C0032;FRU0008;CHILE;CHILE;545
2007;9;C0032;FRU0009;CHILE;CHILE;727
2007;9;C0085;FRU0007;CHILE;CHILE;2169
2007;9;C0085;FRU0004;CHILE;CHILE;4018
2007;9;C0085;FRU0001;CHILE;CHILE;1282
2007;9;C0085;FRU0015;CHILE;CHILE;516
2007;9;C0085;FRU0021;CHILE;CHILE;2184
2007;9;C0085;FRU0004;CHILE;CHILE;678
2007;9;C0085;FRU0013;CHILE;CHILE;620
2007;9;C0035;FRU0008;CHILE;CHILE;209
2007;9;C0085;FRU0012;CHILE;CHILE;2130
2007;9;C0085;FRU0023;CHILE;CHILE;2182
2007;9;C0085;FRU0022;CHILE;CHILE;3471
2007;9;C0085;FRU0053;CHILE;CHILE;988
2007;9;C0031;FRU0001;CHILE;CHILE;505
2007;9;C0031;FRU0056;CHILE;CHILE;216
2007;9;C0031;FRU0007;CHILE;CHILE;179
2007;9;C0031;FRU0053;CHILE;CHILE;448
2007;10;C0031;FRU0001;CHILE;CHILE;1058
2007;10;C0031;FRU0056;CHILE;CHILE;188
2007;10;C0031;FRU0004;CHILE;CHILE;562
2007;10;C0031;FRU0022;CHILE;CHILE;800
2007;10;C0031;FRU0007;CHILE;CHILE;468
2007;10;C0031;FRU0021;CHILE;CHILE;841
2007;10;C0031;FRU0053;CHILE;CHILE;1886
2007;10;C0031;FRU0031;CHILE;CHILE;3370
2007;10;C0031;FRU0008;CHILE;CHILE;234
2007;10;C0031;FRU0009;CHILE;CHILE;1685
2007;10;C0032;FRU0056;CHILE;CHILE;1531
2007;10;C0032;FRU0001;CHILE;CHILE;1915
2007;10;C0032;FRU0053;CHILE;CHILE;2564
2007;10;C0032;FRU0004;CHILE;CHILE;2564
2007;10;C0032;FRU0022;CHILE;CHILE;1913
2007;10;C0032;FRU0031;CHILE;CHILE;365
2007;10;C0032;FRU0012;CHILE;CHILE;64
2007;10;C0032;FRU0021;CHILE;CHILE;1609
2007;10;C0085;FRU0031;CHILE;CHILE;9820
2007;10;C0085;FRU0034;CHILE;CHILE;2256
2007;10;C0085;FRU0008;CHILE;CHILE;609
2007;10;C0085;FRU0004;CHILE;CHILE;275
2007;10;C0085;FRU0001;CHILE;CHILE;1874
2007;10;C0085;FRU0021;CHILE;CHILE;1176
2007;10;C0085;FRU0013;CHILE;CHILE;5911
2007;10;C0085;FRU0023;CHILE;CHILE;344
2007;10;C0085;FRU0007;CHILE;CHILE;1039
2007;10;C0032;FRU0008;CHILE;CHILE;570
2007;10;C0032;FRU0080;CHILE;CHILE;1530
2007;10;C0035;FRU0058;CHILE;CHILE;1238
2007;10;C0035;FRU0008;CHILE;CHILE;594
2007;10;C0035;FRU0034;CHILE;CHILE;2477
2007;10;C0035;FRU0053;CHILE;CHILE;1635
2007;10;C0035;FRU0001;CHILE;CHILE;1141
2007;10;C0035;FRU0022;CHILE;CHILE;1635
2007;10;C0035;FRU0080;CHILE;CHILE;1238
2007;10;C0035;FRU0004;CHILE;CHILE;2477
2007;10;C0085;FRU0004;CHILE;CHILE;7010
2007;10;C0085;FRU0022;CHILE;CHILE;7010
2007;10;C0085;FRU0053;CHILE;CHILE;609
2007;10;C0085;FRU0056;CHILE;CHILE;1605
2007;10;C0085;FRU0008;CHILE;CHILE;412
2007;10;C0085;FRU0033;CHILE;CHILE;1095
2007;10;C0085;FRU0058;CHILE;CHILE;365
2007;10;C0036;FRU0001;CHILE;CHILE;1930
2007;10;C0036;FRU0056;CHILE;CHILE;863
2007;10;C0036;FRU0021;CHILE;CHILE;178
2007;10;C0036;FRU0023;CHILE;CHILE;178
2007;10;C0036;FRU0053;CHILE;CHILE;118
2007;10;C0036;FRU0004;CHILE;CHILE;299
2007;10;C0032;FRU0034;CHILE;CHILE;767
2007;10;C0032;FRU0058;CHILE;CHILE;1534
2007;10;C0032;FRU0013;CHILE;CHILE;215
2007;10;C0032;FRU0028;CHILE;CHILE;107
2007;10;C0032;FRU0009;CHILE;CHILE;107
2007;10;C0032;FRU0021;CHILE;CHILE;215
2007;10;C0032;FRU0033;CHILE;CHILE;215
2007;10;C0032;FRU0008;CHILE;CHILE;1560
2007;10;C0031;FRU0012;CHILE;CHILE;152
2007;10;C0031;FRU0034;CHILE;CHILE;237
2007;10;C0085;FRU0028;CHILE;CHILE;684
2007;10;C0085;FRU0021;CHILE;CHILE;701
2007;10;C0085;FRU0006;CHILE;CHILE;350
2007;11;C0085;FRU0053;CHILE;CHILE;1212
2007;11;C0085;FRU0008;CHILE;CHILE;303
2007;11;C0085;FRU0004;CHILE;CHILE;5007
2007;11;C0085;FRU0006;CHILE;CHILE;342
2007;11;C0085;FRU0056;CHILE;CHILE;3191
2007;11;C0085;FRU0033;CHILE;CHILE;583
2007;11;C0085;FRU0080;CHILE;CHILE;849
2007;11;C0031;FRU0053;CHILE;CHILE;138
2007;11;C0032;FRU0008;CHILE;CHILE;710
2007;11;C0032;FRU0083;CHILE;CHILE;2174
2007;11;C0032;FRU0034;CHILE;CHILE;374
2007;11;C0032;FRU0013;CHILE;CHILE;315
2007;11;C0032;FRU0021;CHILE;CHILE;105
2007;11;C0032;FRU0031;CHILE;CHILE;210
2007;11;C0032;FRU0028;CHILE;CHILE;420
2007;11;C0032;FRU0033;CHILE;CHILE;210
2007;11;C0032;FRU0006;CHILE;CHILE;507
2007;11;C0085;FRU0001;CHILE;CHILE;1327
2007;11;C0085;FRU0028;CHILE;CHILE;872
2007;11;C0085;FRU0022;CHILE;CHILE;1542
2007;11;C0085;FRU0034;CHILE;CHILE;605
2007;11;C0085;FRU0058;CHILE;CHILE;484
2007;12;C0085;FRU0033;CHILE;CHILE;1787
2007;12;C0085;FRU0004;CHILE;CHILE;9762
2007;12;C0085;FRU0028;CHILE;CHILE;893
2007;12;C0085;FRU0034;CHILE;CHILE;3437
2007;12;C0085;FRU0022;CHILE;CHILE;8951
2007;12;C0085;FRU0053;CHILE;CHILE;2914
2007;12;C0085;FRU0058;CHILE;CHILE;1239
2007;12;C0085;FRU0008;CHILE;CHILE;884
2007;12;C0085;FRU0006;CHILE;CHILE;349
2007;12;C0036;FRU0004;CHILE;CHILE;241
2007;12;C0036;FRU0034;CHILE;CHILE;241
2007;12;C0036;FRU0022;CHILE;CHILE;241
2007;12;C0036;FRU0056;CHILE;CHILE;483
2007;12;C0036;FRU0001;CHILE;CHILE;386
2007;12;C0032;FRU0008;CHILE;CHILE;643
2007;12;C0032;FRU0001;CHILE;CHILE;965
2007;12;C0032;FRU0021;CHILE;CHILE;994
2007;12;C0032;FRU0080;CHILE;CHILE;402
2007;12;C0032;FRU0004;CHILE;CHILE;804
2007;12;C0032;FRU0053;CHILE;CHILE;1073
2007;12;C0032;FRU0012;CHILE;CHILE;626
2007;12;C0032;FRU0034;CHILE;CHILE;321
2007;12;C0032;FRU0022;CHILE;CHILE;536
2007;12;C0035;FRU0083;CHILE;CHILE;1383
2007;12;C0035;FRU0022;CHILE;CHILE;6988
2007;12;C0035;FRU0053;CHILE;CHILE;1747
2007;12;C0035;FRU0058;CHILE;CHILE;349
2007;12;C0035;FRU0021;CHILE;CHILE;2095
2007;12;C0035;FRU0001;CHILE;CHILE;1609
2007;12;C0035;FRU0004;CHILE;CHILE;1747
2007;12;C0032;FRU0014;CHILE;CHILE;10
2007;12;C0032;FRU0048;CHILE;CHILE;10
2007;12;C0032;FRU0047;CHILE;CHILE;10
2007;12;C0032;FRU0046;CHILE;CHILE;10
2007;12;C0032;FRU0028;CHILE;CHILE;135
2007;12;C0032;FRU0056;CHILE;CHILE;858
2007;12;C0032;FRU0083;CHILE;CHILE;1263
2007;12;C0032;FRU0049;CHILE;CHILE;10
2007;12;C0032;FRU0050;CHILE;CHILE;10
2007;12;C0032;FRU0051;CHILE;CHILE;10
2007;12;C0032;FRU0052;CHILE;CHILE;10
2007;12;C0032;FRU0043;CHILE;CHILE;10
2007;12;C0032;FRU0038;CHILE;CHILE;10
2007;12;C0032;FRU0023;CHILE;CHILE;10
2007;12;C0032;FRU0009;CHILE;CHILE;10
2007;12;C0085;FRU0021;CHILE;CHILE;2962
2007;12;C0085;FRU0008;CHILE;CHILE;184
2007;12;C0034;FRU0012;CHILE;CHILE;3678
2007;12;C0032;FRU0013;CHILE;CHILE;216
2007;12;C0032;FRU0031;CHILE;CHILE;172
2007;12;C0032;FRU0021;CHILE;CHILE;172
2007;12;C0032;FRU0006;CHILE;CHILE;521
2007;12;C0085;FRU0080;CHILE;CHILE;620
2007;12;C0085;FRU0031;CHILE;CHILE;1492
2007;1;C0073;FRU0091;EUROPA;ESLOVAQUIA;263
2007;1;C0073;FRU0007;EUROPA;ESLOVAQUIA;58
2007;1;C0073;FRU0049;EUROPA;ESLOVAQUIA;173
2007;1;C0073;FRU0003;EUROPA;ESLOVAQUIA;117
2007;1;C0073;FRU0010;EUROPA;ESLOVAQUIA;294
2007;1;C0073;FRU0022;EUROPA;ESLOVAQUIA;281
2007;1;C0073;FRU0004;EUROPA;ESLOVAQUIA;281
2007;1;C0073;FRU0018;EUROPA;ESLOVAQUIA;390
2007;1;C0073;FRU0006;EUROPA;ESLOVAQUIA;107
2007;1;C0024;FRU0019;EUROPA;POLONIA;807
2007;1;C0024;FRU0013;EUROPA;POLONIA;969
2007;1;C0024;FRU0015;EUROPA;POLONIA;484
2007;1;C0015;FRU0019;EUROPA;INGLATERRA;5220
2007;1;C0015;FRU0013;EUROPA;INGLATERRA;8700
2007;1;C0015;FRU0009;EUROPA;INGLATERRA;17400
2007;1;C0015;FRU0015;EUROPA;INGLATERRA;3480
2007;1;C0015;FRU0011;EUROPA;INGLATERRA;25500
2007;1;C0015;FRU0009;EUROPA;INGLATERRA;18900
2007;1;C0010;FRU0009;EUROPA;DINAMARCA;4310
2007;1;C0010;FRU0012;EUROPA;DINAMARCA;6356
2007;1;C0010;FRU0015;EUROPA;DINAMARCA;3815
2007;1;C0010;FRU0011;EUROPA;DINAMARCA;12686
2007;1;C0025;FRU0005;NORTE AMERICA;CANADA;7610
2007;1;C0014;FRU0012;EUROPA;HOLANDA;1510
2007;1;C0014;FRU0021;EUROPA;HOLANDA;6060
2007;1;C0048;FRU0002;EUROPA;RUSIA;2000
2007;1;C0048;FRU0001;EUROPA;RUSIA;2000
2007;1;C0048;FRU0004;EUROPA;RUSIA;1164
2007;1;C0048;FRU0007;EUROPA;RUSIA;2037
2007;1;C0048;FRU0003;EUROPA;RUSIA;3395
2007;1;C0048;FRU0005;EUROPA;RUSIA;1940
2007;1;C0048;FRU0009;EUROPA;RUSIA;14310
2007;1;C0048;FRU0008;EUROPA;RUSIA;13500
2007;1;C0048;FRU0013;EUROPA;RUSIA;1350
2007;1;C0069;FRU0009;EUROPA;NORUEGA;16200
2007;1;C0016;FRU0009;LATINOAMERICA;BRASIL;2184
2007;1;C0016;FRU0012;LATINOAMERICA;BRASIL;3270
2007;1;C0016;FRU0031;LATINOAMERICA;BRASIL;3250
2007;1;C0016;FRU0002;LATINOAMERICA;BRASIL;2750
2007;1;C0016;FRU0005;LATINOAMERICA;BRASIL;5450
2007;1;C0016;FRU0011;LATINOAMERICA;BRASIL;2156
2007;1;C0016;FRU0022;LATINOAMERICA;BRASIL;5500
2007;1;C0016;FRU0019;LATINOAMERICA;BRASIL;1872
2007;1;C0022;FRU0028;EUROPA;REPUBLICA CHECA;17390
2007;1;C0022;FRU0010;EUROPA;REPUBLICA CHECA;1765
2007;1;C0022;FRU0003;EUROPA;REPUBLICA CHECA;1765
2007;1;C0022;FRU0005;EUROPA;REPUBLICA CHECA;1815
2007;1;C0022;FRU0007;EUROPA;REPUBLICA CHECA;2015
2007;1;C0022;FRU0004;EUROPA;REPUBLICA CHECA;1590
2007;1;C0022;FRU0006;EUROPA;REPUBLICA CHECA;1815
2007;1;C0022;FRU0012;EUROPA;REPUBLICA CHECA;1970
2007;1;C0022;FRU0009;EUROPA;REPUBLICA CHECA;1970
2007;1;C0022;FRU0011;EUROPA;REPUBLICA CHECA;1970
2007;1;C0022;FRU0104;EUROPA;REPUBLICA CHECA;5350
2007;1;C0022;FRU0031;EUROPA;REPUBLICA CHECA;1500
2007;1;C0072;FRU0013;NORTE AMERICA;CANADA;1260
2007;1;C0072;FRU0002;NORTE AMERICA;CANADA;2800
2007;1;C0072;FRU0009;NORTE AMERICA;CANADA;1260
2007;1;C0056;FRU0020;NORTE AMERICA;USA;5530
2007;1;C0056;FRU0094;NORTE AMERICA;USA;5530
2007;1;C0089;FRU0079;EUROPA;FINLANDIA;34
2007;1;C0089;FRU0011;EUROPA;FINLANDIA;240
2007;1;C0089;FRU0081;EUROPA;FINLANDIA;187
2007;1;C0089;FRU0095;EUROPA;FINLANDIA;187
2007;1;C0089;FRU0007;EUROPA;FINLANDIA;549
2007;1;C0064;FRU0005;NORTE AMERICA;CANADA;1500
2007;1;C0064;FRU0010;NORTE AMERICA;CANADA;1500
2007;2;C0012;FRU0013;EUROPA;ALEMANIA;757
2007;2;C0012;FRU0011;EUROPA;ALEMANIA;378
2007;2;C0012;FRU0018;EUROPA;ALEMANIA;264
2007;2;C0012;FRU0005;EUROPA;ALEMANIA;946
2007;2;C0012;FRU0019;EUROPA;ALEMANIA;2840
2007;2;C0012;FRU0049;EUROPA;ALEMANIA;103
2007;2;C0072;FRU0015;NORTE AMERICA;CANADA;6272
2007;2;C0072;FRU0013;NORTE AMERICA;CANADA;4704
2007;2;C0072;FRU0003;NORTE AMERICA;CANADA;1250
2007;2;C0014;FRU0005;EUROPA;HOLANDA;2830
2007;2;C0014;FRU0013;EUROPA;HOLANDA;1800
2007;2;C0014;FRU0009;EUROPA;HOLANDA;5400
2007;2;C0014;FRU0003;EUROPA;HOLANDA;2530
2007;2;C0014;FRU0009;EUROPA;HOLANDA;5370
2007;2;C0014;FRU0012;EUROPA;HOLANDA;1520
2007;2;C0014;FRU0005;EUROPA;HOLANDA;2280
2007;2;C0014;FRU0011;EUROPA;HOLANDA;12730
2007;2;C0014;FRU0008;EUROPA;HOLANDA;210
2007;2;C0022;FRU0035;EUROPA;REPUBLICA CHECA;2002
2007;2;C0022;FRU0004;EUROPA;REPUBLICA CHECA;2662
2007;2;C0090;FRU0005;NORTE AMERICA;USA;784
2007;2;C0090;FRU0012;NORTE AMERICA;USA;1568
2007;2;C0090;FRU0015;NORTE AMERICA;USA;3136
2007;2;C0090;FRU0110;NORTE AMERICA;USA;2352
2007;2;C0090;FRU0111;NORTE AMERICA;USA;3136
2007;2;C0080;FRU0001;NORTE AMERICA;USA;300
2007;2;C0080;FRU0031;NORTE AMERICA;USA;750
2007;2;C0080;FRU0006;NORTE AMERICA;USA;2520
2007;2;C0080;FRU0005;NORTE AMERICA;USA;1415
2007;2;C0080;FRU0010;NORTE AMERICA;USA;1415
2007;2;C0080;FRU0007;NORTE AMERICA;USA;1415
2007;2;C0080;FRU0003;NORTE AMERICA;USA;4215
2007;2;C0080;FRU0015;NORTE AMERICA;USA;1690
2007;2;C0080;FRU0013;NORTE AMERICA;USA;9356
2007;2;C0080;FRU0011;NORTE AMERICA;USA;4734
2007;2;C0080;FRU0012;NORTE AMERICA;USA;7890
2007;2;C0080;FRU0019;NORTE AMERICA;USA;4734
2007;2;C0080;FRU0009;NORTE AMERICA;USA;1260
2007;2;C0006;FRU0031;NORTE AMERICA;USA;2500
2007;2;C0006;FRU0015;NORTE AMERICA;USA;870
2007;2;C0006;FRU0009;NORTE AMERICA;USA;3480
2007;2;C0006;FRU0013;NORTE AMERICA;USA;1890
2007;2;C0006;FRU0003;NORTE AMERICA;USA;2575
2007;2;C0006;FRU0012;NORTE AMERICA;USA;1880
2007;2;C0006;FRU0010;NORTE AMERICA;USA;1030
2007;2;C0006;FRU0013;NORTE AMERICA;USA;21240
2007;2;C0006;FRU0008;NORTE AMERICA;USA;15120
2007;2;C0016;FRU0031;LATINOAMERICA;BRASIL;16250
2007;2;C0016;FRU0021;LATINOAMERICA;BRASIL;2340
2007;2;C0016;FRU0002;LATINOAMERICA;BRASIL;2750
2007;2;C0016;FRU0019;LATINOAMERICA;BRASIL;9464
2007;2;C0016;FRU0011;LATINOAMERICA;BRASIL;7952
2007;2;C0016;FRU0012;LATINOAMERICA;BRASIL;9090
2007;2;C0024;FRU0013;EUROPA;POLONIA;51
2007;2;C0024;FRU0112;EUROPA;POLONIA;51
2007;2;C0024;FRU0100;EUROPA;POLONIA;51
2007;2;C0024;FRU0034;EUROPA;POLONIA;51
2007;2;C0024;FRU0006;EUROPA;POLONIA;514
2007;2;C0024;FRU0011;EUROPA;POLONIA;515
2007;2;C0024;FRU0003;EUROPA;POLONIA;1693
2007;2;C0024;FRU0010;EUROPA;POLONIA;2258
2007;2;C0024;FRU0049;EUROPA;POLONIA;1693
2007;2;C0024;FRU0013;EUROPA;POLONIA;1719
2007;2;C0024;FRU0005;EUROPA;POLONIA;1719
2007;2;C0024;FRU0019;EUROPA;POLONIA;1375
2007;2;C0044;FRU0034;EUROPA;BELGICA;506
2007;2;C0044;FRU0005;EUROPA;BELGICA;985
2007;2;C0044;FRU0007;EUROPA;BELGICA;555
2007;2;C0005;FRU0012;NORTE AMERICA;CANADA;1449
2007;2;C0005;FRU0005;NORTE AMERICA;CANADA;2912
2007;2;C0016;FRU0015;LATINOAMERICA;BRASIL;2968
2007;2;C0016;FRU0004;LATINOAMERICA;BRASIL;6200
2007;2;C0016;FRU0009;LATINOAMERICA;BRASIL;4340
2007;2;C0016;FRU0007;LATINOAMERICA;BRASIL;3900
2007;2;C0016;FRU0013;LATINOAMERICA;BRASIL;4650
2007;2;C0016;FRU0021;LATINOAMERICA;BRASIL;2340
2007;2;C0016;FRU0003;LATINOAMERICA;BRASIL;7700
2007;2;C0016;FRU0005;LATINOAMERICA;BRASIL;4000
2007;2;C0016;FRU0010;LATINOAMERICA;BRASIL;7700
2007;2;C0008;FRU0031;NORTE AMERICA;USA;2500
2007;2;C0008;FRU0015;NORTE AMERICA;USA;850
2007;2;C0008;FRU0007;NORTE AMERICA;USA;5030
2007;2;C0008;FRU0013;NORTE AMERICA;USA;1510
2007;2;C0008;FRU0002;NORTE AMERICA;USA;5000
2007;2;C0008;FRU0003;NORTE AMERICA;USA;15090
2007;2;C0008;FRU0001;NORTE AMERICA;USA;5000
2007;2;C0008;FRU0005;NORTE AMERICA;USA;15090
2007;2;C0008;FRU0006;NORTE AMERICA;USA;6795
2007;2;C0008;FRU0012;NORTE AMERICA;USA;910
2007;2;C0008;FRU0010;NORTE AMERICA;USA;5030
2007;2;C0008;FRU0009;NORTE AMERICA;USA;3600
2007;2;C0008;FRU0013;NORTE AMERICA;USA;2250
2007;2;C0008;FRU0008;NORTE AMERICA;USA;2250
2007;2;C0008;FRU0021;NORTE AMERICA;USA;2
2007;2;C0049;FRU0009;LATINOAMERICA;COSTA RICA;720
2007;2;C0049;FRU0015;LATINOAMERICA;COSTA RICA;720
2007;2;C0049;FRU0013;LATINOAMERICA;COSTA RICA;1440
2007;2;C0049;FRU0031;LATINOAMERICA;COSTA RICA;670
2007;2;C0049;FRU0019;LATINOAMERICA;COSTA RICA;1810
2007;2;C0049;FRU0015;LATINOAMERICA;COSTA RICA;910
2007;2;C0049;FRU0011;LATINOAMERICA;COSTA RICA;2250
2007;2;C0049;FRU0013;LATINOAMERICA;COSTA RICA;1610
2007;2;C0049;FRU0012;LATINOAMERICA;COSTA RICA;1290
2007;2;C0049;FRU0009;LATINOAMERICA;COSTA RICA;1930
2007;2;C0049;FRU0005;LATINOAMERICA;COSTA RICA;2015
2007;2;C0049;FRU0007;LATINOAMERICA;COSTA RICA;817
2007;2;C0049;FRU0003;LATINOAMERICA;COSTA RICA;802
2007;2;C0049;FRU0004;LATINOAMERICA;COSTA RICA;815
2007;2;C0049;FRU0006;LATINOAMERICA;COSTA RICA;880
2007;3;C0010;FRU0011;EUROPA;DINAMARCA;3918
2007;3;C0010;FRU0006;EUROPA;DINAMARCA;6261
2007;3;C0010;FRU0004;EUROPA;DINAMARCA;11042
2007;3;C0010;FRU0002;EUROPA;DINAMARCA;4023
2007;3;C0010;FRU0013;EUROPA;DINAMARCA;39
2007;3;C0010;FRU0083;EUROPA;DINAMARCA;78
2007;3;C0010;FRU0031;EUROPA;DINAMARCA;78
2007;3;C0010;FRU0001;EUROPA;DINAMARCA;78
2007;3;C0010;FRU0005;EUROPA;DINAMARCA;39
2007;3;C0010;FRU0003;EUROPA;DINAMARCA;39
2007;3;C0010;FRU0023;EUROPA;DINAMARCA;39
2007;3;C0010;FRU0009;EUROPA;DINAMARCA;39
2007;3;C0010;FRU0008;EUROPA;DINAMARCA;39
2007;3;C0017;FRU0031;LATINOAMERICA;PERU;625
2007;3;C0017;FRU0008;LATINOAMERICA;PERU;200
2007;3;C0017;FRU0015;LATINOAMERICA;PERU;2000
2007;3;C0017;FRU0009;LATINOAMERICA;PERU;1500
2007;3;C0017;FRU0007;LATINOAMERICA;PERU;750
2007;3;C0017;FRU0002;LATINOAMERICA;PERU;250
2007;3;C0017;FRU0019;LATINOAMERICA;PERU;3000
2007;3;C0017;FRU0005;LATINOAMERICA;PERU;900
2007;3;C0017;FRU0010;LATINOAMERICA;PERU;1000
2007;3;C0017;FRU0004;LATINOAMERICA;PERU;900
2007;3;C0015;FRU0015;EUROPA;INGLATERRA;13197
2007;3;C0015;FRU0009;EUROPA;INGLATERRA;5222
2007;3;C0015;FRU0004;EUROPA;INGLATERRA;12606
2007;3;C0015;FRU0011;EUROPA;INGLATERRA;7542
2007;3;C0015;FRU0013;EUROPA;INGLATERRA;20737
2007;3;C0015;FRU0009;EUROPA;INGLATERRA;6
2007;3;C0015;FRU0008;EUROPA;INGLATERRA;6
2007;3;C0015;FRU0023;EUROPA;INGLATERRA;6
2007;3;C0015;FRU0021;EUROPA;INGLATERRA;6
2007;3;C0015;FRU0021;EUROPA;INGLATERRA;3
2007;3;C0015;FRU0012;EUROPA;INGLATERRA;2
2007;3;C0015;FRU0019;EUROPA;INGLATERRA;2
2007;3;C0015;FRU0008;EUROPA;INGLATERRA;6
2007;3;C0015;FRU0004;EUROPA;INGLATERRA;6
2007;3;C0015;FRU0006;EUROPA;INGLATERRA;6
2007;3;C0015;FRU0010;EUROPA;INGLATERRA;6
2007;3;C0015;FRU0007;EUROPA;INGLATERRA;6
2007;3;C0015;FRU0003;EUROPA;INGLATERRA;6
2007;3;C0015;FRU0022;EUROPA;INGLATERRA;6
2007;3;C0015;FRU0002;EUROPA;INGLATERRA;6
2007;3;C0015;FRU0001;EUROPA;INGLATERRA;6
2007;3;C0015;FRU0031;EUROPA;INGLATERRA;6
2007;3;C0072;FRU0013;NORTE AMERICA;CANADA;9408
2007;3;C0012;FRU0010;EUROPA;ALEMANIA;32
2007;3;C0012;FRU0112;EUROPA;ALEMANIA;589
2007;3;C0012;FRU0013;EUROPA;ALEMANIA;1179
2007;3;C0012;FRU0100;EUROPA;ALEMANIA;589
2007;3;C0012;FRU0013;EUROPA;ALEMANIA;390
2007;3;C0012;FRU0009;EUROPA;ALEMANIA;585
2007;3;C0012;FRU0015;EUROPA;ALEMANIA;390
2007;3;C0012;FRU0005;EUROPA;ALEMANIA;507
2007;3;C0012;FRU0049;EUROPA;ALEMANIA;119
2007;3;C0044;FRU0022;EUROPA;BELGICA;571
2007;3;C0044;FRU0013;EUROPA;BELGICA;520
2007;3;C0044;FRU0112;EUROPA;BELGICA;520
2007;3;C0044;FRU0015;EUROPA;BELGICA;520
2007;3;C0044;FRU0034;EUROPA;BELGICA;1562
2007;3;C0044;FRU0013;EUROPA;BELGICA;912
2007;3;C0044;FRU0005;EUROPA;BELGICA;1588
2007;3;C0044;FRU0007;EUROPA;BELGICA;571
2007;3;C0044;FRU0018;EUROPA;BELGICA;1066
2007;3;C0013;FRU0095;EUROPA;AUSTRIA;769
2007;3;C0013;FRU0019;EUROPA;AUSTRIA;1372
2007;3;C0039;FRU0009;ASIA;KOREA;5640
2007;3;C0039;FRU0007;ASIA;KOREA;9860
2007;3;C0039;FRU0013;ASIA;KOREA;1410
2007;3;C0039;FRU0010;ASIA;KOREA;4930
2007;3;C0039;FRU0002;ASIA;KOREA;14700
2007;3;C0039;FRU0012;ASIA;KOREA;1410
2007;3;C0039;FRU0005;ASIA;KOREA;22650
2007;3;C0039;FRU0001;ASIA;KOREA;19600
2007;3;C0039;FRU0031;ASIA;KOREA;10000
2007;3;C0039;FRU0019;ASIA;KOREA;5640
2007;3;C0039;FRU0003;ASIA;KOREA;9860
2007;3;C0091;FRU0013;EUROPA;ALEMANIA;177
2007;3;C0091;FRU0034;EUROPA;ALEMANIA;177
2007;3;C0091;FRU0112;EUROPA;ALEMANIA;236
2007;3;C0021;FRU0007;EUROPA;ESPA헤;600
2007;3;C0021;FRU0013;EUROPA;ESPA헤;556
2007;3;C0021;FRU0112;EUROPA;ESPA헤;556
2007;3;C0021;FRU0004;EUROPA;ESPA헤;545
2007;3;C0002;FRU0009;NORTE AMERICA;USA;3980
2007;3;C0002;FRU0013;NORTE AMERICA;USA;21200
2007;3;C0002;FRU0019;NORTE AMERICA;USA;3980
2007;3;C0002;FRU0031;NORTE AMERICA;USA;3750
2007;3;C0002;FRU0015;NORTE AMERICA;USA;1330
2007;3;C0002;FRU0002;NORTE AMERICA;USA;3000
2007;3;C0002;FRU0001;NORTE AMERICA;USA;2000
2007;3;C0002;FRU0005;NORTE AMERICA;USA;5490
2007;3;C0002;FRU0011;NORTE AMERICA;USA;3310
2007;3;C0002;FRU0006;NORTE AMERICA;USA;2030
2007;3;C0002;FRU0010;NORTE AMERICA;USA;4500
2007;3;C0002;FRU0013;NORTE AMERICA;USA;5400
2007;3;C0002;FRU0008;NORTE AMERICA;USA;2250
2007;3;C0002;FRU0023;NORTE AMERICA;USA;6750
2007;3;C0002;FRU0004;NORTE AMERICA;USA;4500
2007;3;C0030;FRU0008;NORTE AMERICA;USA;1260
2007;3;C0030;FRU0009;NORTE AMERICA;USA;1260
2007;3;C0030;FRU0004;NORTE AMERICA;USA;2520
2007;3;C0030;FRU0019;NORTE AMERICA;USA;1588
2007;3;C0030;FRU0002;NORTE AMERICA;USA;1500
2007;3;C0030;FRU0013;NORTE AMERICA;USA;3950
2007;3;C0030;FRU0009;NORTE AMERICA;USA;2372
2007;3;C0030;FRU0010;NORTE AMERICA;USA;4062
2007;3;C0030;FRU0003;NORTE AMERICA;USA;5406
2007;3;C0030;FRU0007;NORTE AMERICA;USA;4062
2007;3;C0061;FRU0031;LATINOAMERICA;COLOMBIA;6250
2007;3;C0061;FRU0002;LATINOAMERICA;COLOMBIA;2500
2007;3;C0074;FRU0001;NORTE AMERICA;USA;2015
2007;3;C0074;FRU0031;NORTE AMERICA;USA;3765
2007;3;C0074;FRU0015;NORTE AMERICA;USA;8460
2007;3;C0074;FRU0003;NORTE AMERICA;USA;3795
2007;3;C0074;FRU0005;NORTE AMERICA;USA;15090
2007;3;C0074;FRU0021;NORTE AMERICA;USA;2265
2007;3;C0074;FRU0009;NORTE AMERICA;USA;15
2007;3;C0074;FRU0008;NORTE AMERICA;USA;15
2007;3;C0074;FRU0004;NORTE AMERICA;USA;15
2007;3;C0074;FRU0023;NORTE AMERICA;USA;15
2007;3;C0074;FRU0008;NORTE AMERICA;USA;15
2007;3;C0074;FRU0004;NORTE AMERICA;USA;15
2007;3;C0074;FRU0006;NORTE AMERICA;USA;15
2007;3;C0074;FRU0010;NORTE AMERICA;USA;15
2007;3;C0074;FRU0007;NORTE AMERICA;USA;15
2007;3;C0074;FRU0022;NORTE AMERICA;USA;15
2007;3;C0074;FRU0002;NORTE AMERICA;USA;15
2007;4;C0092;FRU0008;LATINOAMERICA;BOLIVIA;350
2007;4;C0092;FRU0007;LATINOAMERICA;BOLIVIA;200
2007;4;C0092;FRU0001;LATINOAMERICA;BOLIVIA;660
2007;4;C0073;FRU0004;EUROPA;ESLOVAQUIA;118
2007;4;C0073;FRU0022;EUROPA;ESLOVAQUIA;118
2007;4;C0073;FRU0010;EUROPA;ESLOVAQUIA;221
2007;4;C0073;FRU0049;EUROPA;ESLOVAQUIA;121
2007;4;C0073;FRU0007;EUROPA;ESLOVAQUIA;60
2007;4;C0073;FRU0091;EUROPA;ESLOVAQUIA;662
2007;4;C0073;FRU0006;EUROPA;ESLOVAQUIA;110
2007;4;C0073;FRU0095;EUROPA;ESLOVAQUIA;275
2007;4;C0068;FRU0034;EUROPA;FRANCIA;251
2007;4;C0068;FRU0112;EUROPA;FRANCIA;870
2007;4;C0068;FRU0015;EUROPA;FRANCIA;700
2007;4;C0068;FRU0018;EUROPA;FRANCIA;272
2007;4;C0068;FRU0004;EUROPA;FRANCIA;224
2007;4;C0068;FRU0022;EUROPA;FRANCIA;224
2007;4;C0068;FRU0013;EUROPA;FRANCIA;1040
2007;4;C0068;FRU0010;EUROPA;FRANCIA;1680
2007;4;C0068;FRU0006;EUROPA;FRANCIA;795
2007;4;C0014;FRU0004;EUROPA;HOLANDA;1125
2007;4;C0014;FRU0023;EUROPA;HOLANDA;450
2007;4;C0014;FRU0008;EUROPA;HOLANDA;225
2007;4;C0014;FRU0031;EUROPA;HOLANDA;1375
2007;4;C0014;FRU0002;EUROPA;HOLANDA;300
2007;4;C0014;FRU0007;EUROPA;HOLANDA;254
2007;4;C0014;FRU0010;EUROPA;HOLANDA;1254
2007;4;C0014;FRU0019;EUROPA;HOLANDA;140
2007;4;C0014;FRU0001;EUROPA;HOLANDA;200
2007;4;C0014;FRU0008;EUROPA;HOLANDA;630
2007;4;C0014;FRU0013;EUROPA;HOLANDA;8490
2007;4;C0014;FRU0008;EUROPA;HOLANDA;2830
2007;4;C0014;FRU0005;EUROPA;HOLANDA;1410
2007;4;C0014;FRU0004;EUROPA;HOLANDA;2519
2007;4;C0014;FRU0013;EUROPA;HOLANDA;700
2007;4;C0014;FRU0012;EUROPA;HOLANDA;4540
2007;4;C0014;FRU0015;EUROPA;HOLANDA;560
2007;4;C0014;FRU0011;EUROPA;HOLANDA;7640
2007;4;C0014;FRU0022;EUROPA;HOLANDA;4
2007;4;C0048;FRU0004;EUROPA;RUSIA;13500
2007;4;C0048;FRU0031;EUROPA;RUSIA;12500
2007;4;C0048;FRU0002;EUROPA;RUSIA;2000
2007;4;C0048;FRU0001;EUROPA;RUSIA;2000
2007;4;C0048;FRU0004;EUROPA;RUSIA;3104
2007;4;C0048;FRU0010;EUROPA;RUSIA;9700
2007;4;C0048;FRU0023;EUROPA;RUSIA;10350
2007;4;C0059;FRU0031;ASIA;SINGAPUR;1875
2007;4;C0059;FRU0015;ASIA;SINGAPUR;1578
2007;4;C0059;FRU0009;ASIA;SINGAPUR;1690
2007;4;C0059;FRU0013;ASIA;SINGAPUR;1500
2007;4;C0059;FRU0019;ASIA;SINGAPUR;1680
2007;4;C0059;FRU0019;ASIA;SINGAPUR;10
2007;4;C0014;FRU0023;EUROPA;HOLANDA;34304
2007;4;C0044;FRU0100;EUROPA;BELGICA;409
2007;4;C0044;FRU0013;EUROPA;BELGICA;529
2007;4;C0044;FRU0011;EUROPA;BELGICA;860
2007;4;C0044;FRU0015;EUROPA;BELGICA;688
2007;4;C0044;FRU0091;EUROPA;BELGICA;199
2007;4;C0044;FRU0006;EUROPA;BELGICA;498
2007;4;C0044;FRU0007;EUROPA;BELGICA;581
2007;4;C0044;FRU0018;EUROPA;BELGICA;1085
2007;4;C0013;FRU0021;EUROPA;AUSTRIA;1400
2007;4;C0013;FRU0012;EUROPA;AUSTRIA;1400
2007;4;C0013;FRU0013;EUROPA;AUSTRIA;1400
2007;4;C0013;FRU0009;EUROPA;AUSTRIA;2800
2007;4;C0013;FRU0019;EUROPA;AUSTRIA;4200
2007;4;C0013;FRU0004;EUROPA;AUSTRIA;2250
2007;4;C0013;FRU0023;EUROPA;AUSTRIA;2250
2007;4;C0013;FRU0004;EUROPA;AUSTRIA;4500
2007;4;C0013;FRU0002;EUROPA;AUSTRIA;2500
2007;4;C0013;FRU0001;EUROPA;AUSTRIA;2500
2007;4;C0013;FRU0005;EUROPA;AUSTRIA;3800
2007;4;C0039;FRU0021;ASIA;KOREA;490
2007;4;C0039;FRU0001;ASIA;KOREA;490
2007;4;C0039;FRU0005;ASIA;KOREA;1350
2007;4;C0093;FRU0018;EUROPA;SUIZA;139
2007;4;C0027;FRU0013;EUROPA;INGLATERRA;2830
2007;4;C0027;FRU0011;EUROPA;INGLATERRA;2830
2007;4;C0027;FRU0009;EUROPA;INGLATERRA;1420
2007;4;C0027;FRU0005;EUROPA;INGLATERRA;4745
2007;4;C0053;FRU0031;LATINOAMERICA;PUERTO RICO ;1300
2007;4;C0053;FRU0008;LATINOAMERICA;PUERTO RICO ;250
2007;4;C0053;FRU0015;LATINOAMERICA;PUERTO RICO ;570
2007;4;C0053;FRU0009;LATINOAMERICA;PUERTO RICO ;610
2007;4;C0053;FRU0007;LATINOAMERICA;PUERTO RICO ;515
2007;4;C0053;FRU0013;LATINOAMERICA;PUERTO RICO ;610
2007;4;C0053;FRU0002;LATINOAMERICA;PUERTO RICO ;1650
2007;4;C0053;FRU0003;LATINOAMERICA;PUERTO RICO ;1015
2007;4;C0053;FRU0019;LATINOAMERICA;PUERTO RICO ;610
2007;4;C0053;FRU0001;LATINOAMERICA;PUERTO RICO ;1650
2007;4;C0053;FRU0005;LATINOAMERICA;PUERTO RICO ;1015
2007;4;C0053;FRU0006;LATINOAMERICA;PUERTO RICO ;460
2007;4;C0053;FRU0010;LATINOAMERICA;PUERTO RICO ;1000
2007;4;C0053;FRU0013;LATINOAMERICA;PUERTO RICO ;900
2007;4;C0072;FRU0031;NORTE AMERICA;CANADA;1250
2007;4;C0072;FRU0013;NORTE AMERICA;CANADA;7840
2007;4;C0072;FRU0010;NORTE AMERICA;CANADA;11200
2007;4;C0062;FRU0083;LATINOAMERICA;URUGUAY;1780
2007;4;C0062;FRU0031;LATINOAMERICA;URUGUAY;2400
2007;4;C0062;FRU0008;LATINOAMERICA;URUGUAY;590
2007;4;C0062;FRU0013;LATINOAMERICA;URUGUAY;1800
2007;4;C0062;FRU0002;LATINOAMERICA;URUGUAY;1770
2007;4;C0062;FRU0004;LATINOAMERICA;URUGUAY;3127
2007;4;C0062;FRU0019;LATINOAMERICA;URUGUAY;1700
2007;4;C0062;FRU0001;LATINOAMERICA;URUGUAY;472
2007;4;C0062;FRU0005;LATINOAMERICA;URUGUAY;3127
2007;4;C0062;FRU0011;LATINOAMERICA;URUGUAY;360
2007;4;C0062;FRU0006;LATINOAMERICA;URUGUAY;270
2007;4;C0062;FRU0010;LATINOAMERICA;URUGUAY;590
2007;4;C0062;FRU0009;LATINOAMERICA;URUGUAY;300
2007;4;C0062;FRU0021;LATINOAMERICA;URUGUAY;1200
2007;4;C0062;FRU0008;LATINOAMERICA;URUGUAY;300
2007;4;C0062;FRU0023;LATINOAMERICA;URUGUAY;4200
2007;4;C0062;FRU0004;LATINOAMERICA;URUGUAY;1200
2007;5;C0044;FRU0007;EUROPA;BELGICA;1161
2007;5;C0044;FRU0015;EUROPA;BELGICA;687
2007;5;C0044;FRU0006;EUROPA;BELGICA;49
2007;5;C0044;FRU0010;EUROPA;BELGICA;539
2007;5;C0014;FRU0018;EUROPA;HOLANDA;20
2007;5;C0009;FRU0031;NORTE AMERICA;USA;1250
2007;5;C0009;FRU0009;NORTE AMERICA;USA;750
2007;5;C0009;FRU0013;NORTE AMERICA;USA;2250
2007;5;C0009;FRU0002;NORTE AMERICA;USA;2500
2007;5;C0009;FRU0004;NORTE AMERICA;USA;2500
2007;5;C0009;FRU0019;NORTE AMERICA;USA;1500
2007;5;C0009;FRU0005;NORTE AMERICA;USA;2500
2007;5;C0009;FRU0012;NORTE AMERICA;USA;1500
2007;5;C0009;FRU0010;NORTE AMERICA;USA;2500
2007;5;C0009;FRU0021;NORTE AMERICA;USA;3150
2007;5;C0009;FRU0023;NORTE AMERICA;USA;5040
2007;5;C0009;FRU0004;NORTE AMERICA;USA;2520
2007;5;C0017;FRU0031;LATINOAMERICA;PERU;1250
2007;5;C0017;FRU0008;LATINOAMERICA;PERU;200
2007;5;C0017;FRU0015;LATINOAMERICA;PERU;6240
2007;5;C0017;FRU0009;LATINOAMERICA;PERU;6000
2007;5;C0017;FRU0002;LATINOAMERICA;PERU;500
2007;5;C0017;FRU0019;LATINOAMERICA;PERU;6000
2007;5;C0017;FRU0022;LATINOAMERICA;PERU;500
2007;5;C0017;FRU0005;LATINOAMERICA;PERU;900
2007;5;C0017;FRU0010;LATINOAMERICA;PERU;500
2007;5;C0017;FRU0021;LATINOAMERICA;PERU;450
2007;5;C0068;FRU0001;EUROPA;FRANCIA;500
2007;5;C0068;FRU0008;EUROPA;FRANCIA;235
2007;5;C0068;FRU0022;EUROPA;FRANCIA;765
2007;5;C0068;FRU0053;EUROPA;FRANCIA;2015
2007;5;C0068;FRU0006;EUROPA;FRANCIA;705
2007;5;C0068;FRU0031;EUROPA;FRANCIA;1470
2007;5;C0068;FRU0012;EUROPA;FRANCIA;1460
2007;5;C0068;FRU0021;EUROPA;FRANCIA;1170
2007;5;C0068;FRU0015;EUROPA;FRANCIA;880
2007;5;C0007;FRU0031;ASIA;HONG KONG;3750
2007;5;C0007;FRU0005;ASIA;HONG KONG;5090
2007;5;C0007;FRU0011;ASIA;HONG KONG;10360
2007;5;C0007;FRU0021;ASIA;HONG KONG;4500
2007;5;C0014;FRU0004;EUROPA;HOLANDA;1265
2007;5;C0014;FRU0013;EUROPA;HOLANDA;2830
2007;5;C0014;FRU0009;EUROPA;HOLANDA;7070
2007;5;C0014;FRU0012;EUROPA;HOLANDA;3030
2007;5;C0014;FRU0015;EUROPA;HOLANDA;2830
2007;5;C0014;FRU0004;EUROPA;HOLANDA;2115
2007;5;C0014;FRU0006;EUROPA;HOLANDA;3180
2007;5;C0014;FRU0008;EUROPA;HOLANDA;2830
2007;5;C0014;FRU0017;EUROPA;HOLANDA;2830
2007;5;C0014;FRU0005;EUROPA;HOLANDA;2830
2007;5;C0080;FRU0023;NORTE AMERICA;USA;5040
2007;5;C0080;FRU0001;NORTE AMERICA;USA;350
2007;5;C0080;FRU0004;NORTE AMERICA;USA;5530
2007;5;C0080;FRU0015;NORTE AMERICA;USA;1560
2007;5;C0080;FRU0009;NORTE AMERICA;USA;3866
2007;5;C0080;FRU0013;NORTE AMERICA;USA;9300
2007;5;C0080;FRU0012;NORTE AMERICA;USA;4650
2007;5;C0080;FRU0031;NORTE AMERICA;USA;9300
2007;5;C0044;FRU0004;EUROPA;BELGICA;1055
2007;5;C0044;FRU0004;EUROPA;BELGICA;1158
2007;5;C0044;FRU0012;EUROPA;BELGICA;684
2007;5;C0012;FRU0009;EUROPA;ALEMANIA;596
2007;5;C0012;FRU0023;EUROPA;ALEMANIA;596
2007;5;C0012;FRU0013;EUROPA;ALEMANIA;596
2007;5;C0012;FRU0004;EUROPA;ALEMANIA;1132
2007;5;C0012;FRU0007;EUROPA;ALEMANIA;338
2007;5;C0012;FRU0013;EUROPA;ALEMANIA;394
2007;5;C0012;FRU0009;EUROPA;ALEMANIA;591
2007;5;C0012;FRU0012;EUROPA;ALEMANIA;985
2007;5;C0012;FRU0019;EUROPA;ALEMANIA;985
2007;5;C0012;FRU0049;EUROPA;ALEMANIA;181
2007;5;C0013;FRU0011;EUROPA;AUSTRIA;1715
2007;5;C0016;FRU0031;LATINOAMERICA;BRASIL;6500
2007;5;C0016;FRU0021;LATINOAMERICA;BRASIL;3840
2007;5;C0016;FRU0023;LATINOAMERICA;BRASIL;5000
2007;5;C0016;FRU0004;LATINOAMERICA;BRASIL;7500
2007;5;C0064;FRU0010;NORTE AMERICA;CANADA;23750
2007;5;C0064;FRU0004;NORTE AMERICA;CANADA;1500
2007;5;C0010;FRU0010;EUROPA;DINAMARCA;6513
2007;5;C0010;FRU0012;EUROPA;DINAMARCA;2718
2007;5;C0010;FRU0009;EUROPA;DINAMARCA;4082
2007;5;C0010;FRU0011;EUROPA;DINAMARCA;6790
2007;5;C0010;FRU0006;EUROPA;DINAMARCA;8675
2007;5;C0005;FRU0005;NORTE AMERICA;CANADA;728
2007;5;C0094;FRU0008;ASIA;CHINA;2265
2007;5;C0094;FRU0004;ASIA;CHINA;1515
2007;5;C0094;FRU0006;ASIA;CHINA;500
2007;5;C0094;FRU0004;ASIA;CHINA;7545
2007;5;C0094;FRU0007;ASIA;CHINA;5030
2007;5;C0094;FRU0022;ASIA;CHINA;5030
2007;5;C0094;FRU0015;ASIA;CHINA;2420
2007;5;C0094;FRU0012;ASIA;CHINA;300
2007;5;C0094;FRU0013;ASIA;CHINA;7250
2007;5;C0094;FRU0009;ASIA;CHINA;6950
2007;5;C0094;FRU0031;ASIA;CHINA;3020
2007;6;C0072;FRU0013;NORTE AMERICA;CANADA;12544
2007;6;C0042;FRU0012;EUROPA;ALEMANIA;1981
2007;6;C0063;FRU0012;NORTE AMERICA;USA;12544
2007;6;C0063;FRU0005;NORTE AMERICA;USA;3136
2007;6;C0014;FRU0033;EUROPA;HOLANDA;29710
2007;6;C0016;FRU0004;LATINOAMERICA;BRASIL;2600
2007;6;C0016;FRU0019;LATINOAMERICA;BRASIL;9855
2007;6;C0016;FRU0005;LATINOAMERICA;BRASIL;10700
2007;6;C0016;FRU0006;LATINOAMERICA;BRASIL;2475
2007;6;C0016;FRU0012;LATINOAMERICA;BRASIL;7770
2007;6;C0016;FRU0010;LATINOAMERICA;BRASIL;10100
2007;6;C0024;FRU0013;EUROPA;POLONIA;1091
2007;6;C0024;FRU0009;EUROPA;POLONIA;1048
2007;6;C0024;FRU0023;EUROPA;POLONIA;1048
2007;6;C0024;FRU0019;EUROPA;POLONIA;1226
2007;6;C0024;FRU0013;EUROPA;POLONIA;1402
2007;6;C0024;FRU0012;EUROPA;POLONIA;1752
2007;6;C0024;FRU0006;EUROPA;POLONIA;1310
2007;6;C0024;FRU0049;EUROPA;POLONIA;1150
2007;6;C0024;FRU0004;EUROPA;POLONIA;1438
2007;6;C0024;FRU0010;EUROPA;POLONIA;1438
2007;6;C0024;FRU0022;EUROPA;POLONIA;1150
2007;6;C0024;FRU0004;EUROPA;POLONIA;1150
2007;6;C0024;FRU0018;EUROPA;POLONIA;1342
2007;6;C0006;FRU0009;NORTE AMERICA;USA;3000
2007;6;C0006;FRU0009;NORTE AMERICA;USA;1000
2007;6;C0006;FRU0012;NORTE AMERICA;USA;1570
2007;6;C0006;FRU0013;NORTE AMERICA;USA;5985
2007;6;C0006;FRU0031;NORTE AMERICA;USA;4845
2007;6;C0006;FRU0004;NORTE AMERICA;USA;1832
2007;6;C0006;FRU0007;NORTE AMERICA;USA;3048
2007;6;C0006;FRU0053;NORTE AMERICA;USA;6096
2007;6;C0006;FRU0004;NORTE AMERICA;USA;10160
2007;6;C0006;FRU0022;NORTE AMERICA;USA;8128
2007;6;C0006;FRU0001;NORTE AMERICA;USA;1500
2007;6;C0015;FRU0023;EUROPA;INGLATERRA;3150
2007;6;C0015;FRU0009;EUROPA;INGLATERRA;11310
2007;6;C0015;FRU0033;EUROPA;INGLATERRA;10556
2007;6;C0015;FRU0015;EUROPA;INGLATERRA;15080
2007;6;C0008;FRU0021;NORTE AMERICA;USA;2270
2007;6;C0008;FRU0013;NORTE AMERICA;USA;910
2007;6;C0008;FRU0019;NORTE AMERICA;USA;910
2007;6;C0008;FRU0001;NORTE AMERICA;USA;5000
2007;6;C0008;FRU0053;NORTE AMERICA;USA;3780
2007;6;C0008;FRU0004;NORTE AMERICA;USA;7530
2007;6;C0075;FRU0004;EUROPA;NUEVA ZELANDA;720
2007;6;C0075;FRU0023;EUROPA;NUEVA ZELANDA;720
2007;6;C0075;FRU0021;EUROPA;NUEVA ZELANDA;720
2007;6;C0005;FRU0022;NORTE AMERICA;CANADA;2912
2007;6;C0095;FRU0019;LATINOAMERICA;URUGUAY;448
2007;6;C0095;FRU0001;LATINOAMERICA;URUGUAY;880
2007;6;C0095;FRU0021;LATINOAMERICA;URUGUAY;350
2007;6;C0095;FRU0008;LATINOAMERICA;URUGUAY;700
2007;6;C0095;FRU0023;LATINOAMERICA;URUGUAY;650
2007;6;C0010;FRU0031;EUROPA;DINAMARCA;40241
2007;6;C0010;FRU0006;EUROPA;DINAMARCA;32
2007;6;C0010;FRU0008;EUROPA;DINAMARCA;32
2007;6;C0010;FRU0004;EUROPA;DINAMARCA;32
2007;6;C0010;FRU0023;EUROPA;DINAMARCA;32
2007;6;C0010;FRU0021;EUROPA;DINAMARCA;32
2007;6;C0010;FRU0008;EUROPA;DINAMARCA;32
2007;6;C0010;FRU0021;EUROPA;DINAMARCA;16
2007;6;C0010;FRU0033;EUROPA;DINAMARCA;16
2007;6;C0010;FRU0012;EUROPA;DINAMARCA;16
2007;6;C0010;FRU0009;EUROPA;DINAMARCA;16
2007;6;C0010;FRU0013;EUROPA;DINAMARCA;16
2007;6;C0010;FRU0006;EUROPA;DINAMARCA;32
2007;6;C0010;FRU0003;EUROPA;DINAMARCA;32
2007;6;C0010;FRU0005;EUROPA;DINAMARCA;32
2007;6;C0010;FRU0002;EUROPA;DINAMARCA;32
2007;6;C0010;FRU0001;EUROPA;DINAMARCA;32
2007;6;C0010;FRU0056;EUROPA;DINAMARCA;32
2007;6;C0047;FRU0008;EUROPA;ALEMANIA;1488
2007;6;C0047;FRU0004;EUROPA;ALEMANIA;3968
2007;6;C0047;FRU0023;EUROPA;ALEMANIA;3968
2007;6;C0047;FRU0021;EUROPA;ALEMANIA;3968
2007;6;C0047;FRU0015;EUROPA;ALEMANIA;2450
2007;6;C0047;FRU0009;EUROPA;ALEMANIA;2450
2007;6;C0047;FRU0013;EUROPA;ALEMANIA;7342
2007;6;C0047;FRU0033;EUROPA;ALEMANIA;9777
2007;6;C0047;FRU0012;EUROPA;ALEMANIA;7342
2007;6;C0047;FRU0031;EUROPA;ALEMANIA;4892
2007;6;C0047;FRU0045;EUROPA;ALEMANIA;6759
2007;6;C0025;FRU0021;NORTE AMERICA;CANADA;8387
2007;6;C0025;FRU0005;NORTE AMERICA;CANADA;26838
2007;6;C0079;FRU0022;NORTE AMERICA;CANADA;1150
2007;6;C0079;FRU0004;NORTE AMERICA;CANADA;1150
2007;6;C0002;FRU0033;NORTE AMERICA;USA;5300
2007;6;C0002;FRU0004;NORTE AMERICA;USA;11430
2007;6;C0002;FRU0013;NORTE AMERICA;USA;23850
2007;6;C0013;FRU0005;EUROPA;AUSTRIA;13680
2007;6;C0013;FRU0079;EUROPA;AUSTRIA;16200
2007;6;C0013;FRU0011;EUROPA;AUSTRIA;10800
2007;6;C0013;FRU0021;EUROPA;AUSTRIA;1400
2007;6;C0013;FRU0033;EUROPA;AUSTRIA;1400
2007;6;C0061;FRU0023;LATINOAMERICA;COLOMBIA;9000
2007;6;C0061;FRU0008;LATINOAMERICA;COLOMBIA;2250
2007;6;C0061;FRU0001;LATINOAMERICA;COLOMBIA;5000
2007;6;C0061;FRU0002;LATINOAMERICA;COLOMBIA;3750
2007;6;C0064;FRU0010;NORTE AMERICA;CANADA;1250
2007;6;C0009;FRU0021;NORTE AMERICA;USA;4200
2007;6;C0009;FRU0057;NORTE AMERICA;USA;4200
2007;6;C0009;FRU0004;NORTE AMERICA;USA;3150
2007;6;C0009;FRU0024;NORTE AMERICA;USA;7350
2007;6;C0009;FRU0006;NORTE AMERICA;USA;3150
2007;6;C0009;FRU0008;NORTE AMERICA;USA;3150
2007;6;C0048;FRU0004;EUROPA;RUSIA;6750
2007;6;C0048;FRU0023;EUROPA;RUSIA;16875
2007;6;C0048;FRU0021;EUROPA;RUSIA;5625
2007;6;C0048;FRU0006;EUROPA;RUSIA;7875
2007;6;C0048;FRU0008;EUROPA;RUSIA;2250
2007;6;C0048;FRU0008;EUROPA;RUSIA;2910
2007;6;C0048;FRU0009;EUROPA;RUSIA;15000
2007;6;C0048;FRU0004;EUROPA;RUSIA;1940
2007;6;C0002;FRU0015;NORTE AMERICA;USA;5460
2007;6;C0002;FRU0009;NORTE AMERICA;USA;3980
2007;6;C0002;FRU0019;NORTE AMERICA;USA;5310
2007;6;C0002;FRU0022;NORTE AMERICA;USA;6885
2007;6;C0002;FRU0006;NORTE AMERICA;USA;2030
2007;6;C0002;FRU0053;NORTE AMERICA;USA;6855
2007;6;C0002;FRU0006;NORTE AMERICA;USA;6750
2007;6;C0002;FRU0021;NORTE AMERICA;USA;2250
2007;6;C0002;FRU0008;NORTE AMERICA;USA;2250
2007;6;C0002;FRU0023;NORTE AMERICA;USA;6750
2007;6;C0002;FRU0004;NORTE AMERICA;USA;4500
2007;6;C0014;FRU0062;EUROPA;HOLANDA;2510
2007;6;C0014;FRU0063;EUROPA;HOLANDA;1515
2007;6;C0014;FRU0065;EUROPA;HOLANDA;3845
2007;6;C0014;FRU0045;EUROPA;HOLANDA;5660
2007;6;C0014;FRU0021;EUROPA;HOLANDA;4500
2007;6;C0014;FRU0006;EUROPA;HOLANDA;4500
2007;6;C0014;FRU0009;EUROPA;HOLANDA;1500
2007;6;C0014;FRU0004;EUROPA;HOLANDA;2515
2007;6;C0014;FRU0013;EUROPA;HOLANDA;2830
2007;6;C0014;FRU0021;EUROPA;HOLANDA;1510
2007;6;C0014;FRU0021;EUROPA;HOLANDA;2830
2007;6;C0014;FRU0006;EUROPA;HOLANDA;6360
2007;7;C0043;FRU0019;EUROPA;NORUEGA;132
2007;7;C0043;FRU0015;EUROPA;NORUEGA;132
2007;7;C0043;FRU0013;EUROPA;NORUEGA;132
2007;7;C0043;FRU0022;EUROPA;NORUEGA;224
2007;7;C0043;FRU0004;EUROPA;NORUEGA;448
2007;7;C0072;FRU0013;NORTE AMERICA;CANADA;18816
2007;7;C0072;FRU0004;NORTE AMERICA;CANADA;11200
2007;7;C0030;FRU0015;NORTE AMERICA;USA;392
2007;7;C0030;FRU0013;NORTE AMERICA;USA;6704
2007;7;C0030;FRU0009;NORTE AMERICA;USA;1980
2007;7;C0030;FRU0031;NORTE AMERICA;USA;1980
2007;7;C0030;FRU0053;NORTE AMERICA;USA;3360
2007;7;C0030;FRU0004;NORTE AMERICA;USA;23670
2007;7;C0030;FRU0007;NORTE AMERICA;USA;3405
2007;7;C0030;FRU0022;NORTE AMERICA;USA;6765
2007;7;C0030;FRU0004;NORTE AMERICA;USA;1260
2007;7;C0096;FRU0015;NORTE AMERICA;USA;2372
2007;7;C0096;FRU0013;NORTE AMERICA;USA;8450
2007;7;C0096;FRU0056;NORTE AMERICA;USA;1000
2007;7;C0096;FRU0004;NORTE AMERICA;USA;5630
2007;7;C0096;FRU0031;NORTE AMERICA;USA;9508
2007;7;C0096;FRU0001;NORTE AMERICA;USA;350
2007;7;C0096;FRU0033;NORTE AMERICA;USA;4724
2007;7;C0096;FRU0012;NORTE AMERICA;USA;4304
2007;7;C0096;FRU0006;NORTE AMERICA;USA;1890
2007;7;C0096;FRU0004;NORTE AMERICA;USA;1890
2007;7;C0049;FRU0006;LATINOAMERICA;COSTA RICA;720
2007;7;C0049;FRU0021;LATINOAMERICA;COSTA RICA;1440
2007;7;C0049;FRU0008;LATINOAMERICA;COSTA RICA;1200
2007;7;C0049;FRU0009;LATINOAMERICA;COSTA RICA;775
2007;7;C0049;FRU0021;LATINOAMERICA;COSTA RICA;1060
2007;7;C0049;FRU0004;LATINOAMERICA;COSTA RICA;1015
2007;7;C0049;FRU0009;LATINOAMERICA;COSTA RICA;1620
2007;7;C0049;FRU0007;LATINOAMERICA;COSTA RICA;1635
2007;7;C0049;FRU0013;LATINOAMERICA;COSTA RICA;1930
2007;7;C0049;FRU0056;LATINOAMERICA;COSTA RICA;1080
2007;7;C0049;FRU0004;LATINOAMERICA;COSTA RICA;1620
2007;7;C0049;FRU0019;LATINOAMERICA;COSTA RICA;2120
2007;7;C0049;FRU0001;LATINOAMERICA;COSTA RICA;1080
2007;7;C0049;FRU0022;LATINOAMERICA;COSTA RICA;2030
2007;7;C0049;FRU0033;LATINOAMERICA;COSTA RICA;2580
2007;7;C0049;FRU0006;LATINOAMERICA;COSTA RICA;1115
2007;7;C0049;FRU0012;LATINOAMERICA;COSTA RICA;1930
2007;7;C0049;FRU0053;LATINOAMERICA;COSTA RICA;1620
2007;7;C0056;FRU0015;NORTE AMERICA;USA;850
2007;7;C0056;FRU0009;NORTE AMERICA;USA;12000
2007;7;C0056;FRU0008;NORTE AMERICA;USA;815
2007;7;C0056;FRU0009;NORTE AMERICA;USA;3020
2007;7;C0056;FRU0007;NORTE AMERICA;USA;3015
2007;7;C0056;FRU0019;NORTE AMERICA;USA;3020
2007;7;C0056;FRU0022;NORTE AMERICA;USA;3015
2007;7;C0056;FRU0033;NORTE AMERICA;USA;1690
2007;7;C0056;FRU0006;NORTE AMERICA;USA;2715
2007;7;C0056;FRU0053;NORTE AMERICA;USA;2515
2007;7;C0056;FRU0008;NORTE AMERICA;USA;900
2007;7;C0056;FRU0004;NORTE AMERICA;USA;900
2007;7;C0010;FRU0002;EUROPA;DINAMARCA;4134
2007;7;C0010;FRU0006;EUROPA;DINAMARCA;14839
2007;7;C0010;FRU0003;EUROPA;DINAMARCA;11102
2007;7;C0010;FRU0011;EUROPA;DINAMARCA;19052
2007;7;C0010;FRU0015;EUROPA;DINAMARCA;110
2007;7;C0078;FRU0021;LATINOAMERICA;ECUADOR;600
2007;7;C0078;FRU0056;LATINOAMERICA;ECUADOR;250
2007;7;C0078;FRU0009;LATINOAMERICA;ECUADOR;750
2007;7;C0078;FRU0059;LATINOAMERICA;ECUADOR;4080
2007;7;C0078;FRU0058;LATINOAMERICA;ECUADOR;2440
2007;7;C0078;FRU0021;LATINOAMERICA;ECUADOR;2158
2007;7;C0078;FRU0004;LATINOAMERICA;ECUADOR;2555
2007;7;C0078;FRU0009;LATINOAMERICA;ECUADOR;3690
2007;7;C0078;FRU0013;LATINOAMERICA;ECUADOR;1200
2007;7;C0078;FRU0004;LATINOAMERICA;ECUADOR;2650
2007;7;C0078;FRU0019;LATINOAMERICA;ECUADOR;2730
2007;7;C0078;FRU0001;LATINOAMERICA;ECUADOR;2000
2007;7;C0078;FRU0022;LATINOAMERICA;ECUADOR;2790
2007;7;C0078;FRU0012;LATINOAMERICA;ECUADOR;1890
2007;7;C0044;FRU0012;EUROPA;BELGICA;140
2007;7;C0044;FRU0095;EUROPA;BELGICA;254
2007;7;C0044;FRU0009;EUROPA;BELGICA;1051
2007;7;C0044;FRU0004;EUROPA;BELGICA;592
2007;7;C0044;FRU0004;EUROPA;BELGICA;592
2007;7;C0044;FRU0091;EUROPA;BELGICA;508
2007;7;C0044;FRU0010;EUROPA;BELGICA;550
2007;7;C0016;FRU0023;LATINOAMERICA;BRASIL;7820
2007;7;C0016;FRU0004;LATINOAMERICA;BRASIL;9200
2007;7;C0016;FRU0009;LATINOAMERICA;BRASIL;3000
2007;7;C0016;FRU0004;LATINOAMERICA;BRASIL;5000
2007;7;C0016;FRU0021;LATINOAMERICA;BRASIL;600
2007;7;C0016;FRU0009;LATINOAMERICA;BRASIL;600
2007;7;C0016;FRU0023;LATINOAMERICA;BRASIL;600
2007;7;C0016;FRU0038;LATINOAMERICA;BRASIL;600
2007;7;C0016;FRU0019;LATINOAMERICA;BRASIL;8100
2007;7;C0016;FRU0047;LATINOAMERICA;BRASIL;600
2007;7;C0016;FRU0030;LATINOAMERICA;BRASIL;600
2007;7;C0016;FRU0022;LATINOAMERICA;BRASIL;10000
2007;7;C0016;FRU0049;LATINOAMERICA;BRASIL;600
2007;7;C0016;FRU0053;LATINOAMERICA;BRASIL;10000
2007;7;C0016;FRU0012;LATINOAMERICA;BRASIL;7500
2007;7;C0016;FRU0014;LATINOAMERICA;BRASIL;600
2007;7;C0016;FRU0006;LATINOAMERICA;BRASIL;2250
2007;7;C0094;FRU0008;ASIA;CHINA;2265
2007;7;C0094;FRU0021;ASIA;CHINA;2410
2007;7;C0094;FRU0004;ASIA;CHINA;1515
2007;7;C0094;FRU0009;ASIA;CHINA;6950
2007;7;C0094;FRU0007;ASIA;CHINA;5030
2007;7;C0094;FRU0013;ASIA;CHINA;7220
2007;7;C0094;FRU0004;ASIA;CHINA;7530
2007;7;C0094;FRU0031;ASIA;CHINA;3050
2007;7;C0094;FRU0022;ASIA;CHINA;5045
2007;7;C0094;FRU0006;ASIA;CHINA;500
2007;7;C0094;FRU0012;ASIA;CHINA;300
2007;7;C0097;FRU0015;EUROPA;ALEMANIA;80
2007;7;C0097;FRU0012;EUROPA;ALEMANIA;441
2007;7;C0097;FRU0015;EUROPA;ALEMANIA;60
2007;7;C0014;FRU0023;EUROPA;HOLANDA;32975
2007;7;C0005;FRU0004;NORTE AMERICA;CANADA;2973
2007;7;C0005;FRU0023;NORTE AMERICA;CANADA;2973
2007;7;C0005;FRU0008;NORTE AMERICA;CANADA;2230
2007;7;C0005;FRU0021;NORTE AMERICA;CANADA;743
2007;7;C0005;FRU0006;NORTE AMERICA;CANADA;1486
2007;7;C0075;FRU0008;EUROPA;NUEVA ZELANDA;720
2007;8;C0073;FRU0004;EUROPA;ESLOVAQUIA;187
2007;8;C0073;FRU0010;EUROPA;ESLOVAQUIA;500
2007;8;C0073;FRU0049;EUROPA;ESLOVAQUIA;250
2007;8;C0073;FRU0007;EUROPA;ESLOVAQUIA;125
2007;8;C0073;FRU0006;EUROPA;ESLOVAQUIA;114
2007;8;C0073;FRU0095;EUROPA;ESLOVAQUIA;570
2007;8;C0017;FRU0053;LATINOAMERICA;PERU;500
2007;8;C0017;FRU0022;LATINOAMERICA;PERU;1800
2007;8;C0017;FRU0001;LATINOAMERICA;PERU;250
2007;8;C0017;FRU0031;LATINOAMERICA;PERU;3000
2007;8;C0017;FRU0007;LATINOAMERICA;PERU;1000
2007;8;C0017;FRU0008;LATINOAMERICA;PERU;200
2007;8;C0017;FRU0021;LATINOAMERICA;PERU;450
2007;8;C0010;FRU0002;EUROPA;DINAMARCA;12424
2007;8;C0010;FRU0021;EUROPA;DINAMARCA;27671
2007;8;C0010;FRU0006;EUROPA;DINAMARCA;10432
2007;8;C0010;FRU0003;EUROPA;DINAMARCA;163761
2007;8;C0010;FRU0012;EUROPA;DINAMARCA;2793
2007;8;C0010;FRU0053;EUROPA;DINAMARCA;2221
2007;8;C0064;FRU0022;NORTE AMERICA;CANADA;2950
2007;8;C0014;FRU0006;EUROPA;HOLANDA;2115
2007;8;C0014;FRU0033;EUROPA;HOLANDA;12022
2007;8;C0014;FRU0022;EUROPA;HOLANDA;2265
2007;8;C0014;FRU0012;EUROPA;HOLANDA;3030
2007;8;C0014;FRU0009;EUROPA;HOLANDA;7070
2007;8;C0014;FRU0013;EUROPA;HOLANDA;2830
2007;8;C0014;FRU0004;EUROPA;HOLANDA;1265
2007;8;C0014;FRU0043;EUROPA;HOLANDA;2515
2007;8;C0014;FRU0006;EUROPA;HOLANDA;5
2007;8;C0014;FRU0021;EUROPA;HOLANDA;4
2007;8;C0014;FRU0021;EUROPA;HOLANDA;5
2007;8;C0014;FRU0021;EUROPA;HOLANDA;2
2007;8;C0014;FRU0012;EUROPA;HOLANDA;2
2007;8;C0014;FRU0009;EUROPA;HOLANDA;2
2007;8;C0014;FRU0013;EUROPA;HOLANDA;2
2007;8;C0014;FRU0058;EUROPA;HOLANDA;4
2007;8;C0014;FRU0006;EUROPA;HOLANDA;3
2007;8;C0014;FRU0004;EUROPA;HOLANDA;2
2007;8;C0014;FRU0022;EUROPA;HOLANDA;3
2007;8;C0014;FRU0009;EUROPA;HOLANDA;6
2007;8;C0098;FRU0003;EUROPA;SUECIA;21000
2007;8;C0039;FRU0009;ASIA;KOREA;3750
2007;8;C0039;FRU0009;ASIA;KOREA;8460
2007;8;C0039;FRU0056;ASIA;KOREA;1225
2007;8;C0039;FRU0001;ASIA;KOREA;2450
2007;8;C0039;FRU0007;ASIA;KOREA;24405
2007;8;C0039;FRU0031;ASIA;KOREA;15370
2007;8;C0039;FRU0012;ASIA;KOREA;1410
2007;8;C0039;FRU0033;ASIA;KOREA;2800
2007;8;C0039;FRU0022;ASIA;KOREA;29580
2007;8;C0039;FRU0053;ASIA;KOREA;28012
2007;8;C0039;FRU0021;ASIA;KOREA;7650
2007;8;C0039;FRU0023;ASIA;KOREA;4500
2007;8;C0039;FRU0008;ASIA;KOREA;1350
2007;8;C0063;FRU0012;NORTE AMERICA;USA;3136
2007;8;C0063;FRU0039;NORTE AMERICA;USA;12544
2007;8;C0081;FRU0031;LATINOAMERICA;MEXICO;1950
2007;8;C0081;FRU0004;LATINOAMERICA;MEXICO;560
2007;8;C0081;FRU0079;LATINOAMERICA;MEXICO;524
2007;8;C0081;FRU0001;LATINOAMERICA;MEXICO;550
2007;8;C0081;FRU0005;LATINOAMERICA;MEXICO;1072
2007;8;C0081;FRU0004;LATINOAMERICA;MEXICO;1000
2007;8;C0081;FRU0023;LATINOAMERICA;MEXICO;750
2007;8;C0081;FRU0021;LATINOAMERICA;MEXICO;5500
2007;8;C0081;FRU0010;LATINOAMERICA;MEXICO;5072
2007;8;C0081;FRU0006;LATINOAMERICA;MEXICO;536
2007;8;C0081;FRU0007;LATINOAMERICA;MEXICO;500
2007;8;C0081;FRU0006;LATINOAMERICA;MEXICO;750
2007;8;C0081;FRU0053;LATINOAMERICA;MEXICO;1524
2007;8;C0021;FRU0010;EUROPA;ESPA헤;2427
2007;8;C0021;FRU0004;EUROPA;ESPA헤;1152
2007;8;C0021;FRU0004;EUROPA;ESPA헤;700
2007;8;C0021;FRU0007;EUROPA;ESPA헤;424
2007;8;C0021;FRU0004;EUROPA;ESPA헤;1599
2007;8;C0021;FRU0004;EUROPA;ESPA헤;2252
2007;8;C0021;FRU0023;EUROPA;ESPA헤;563
2007;8;C0021;FRU0021;EUROPA;ESPA헤;957
2007;8;C0021;FRU0018;EUROPA;ESPA헤;568
2007;8;C0010;FRU0031;EUROPA;DINAMARCA;4004
2007;8;C0010;FRU0005;EUROPA;DINAMARCA;65330
2007;8;C0010;FRU0031;EUROPA;DINAMARCA;485
2007;8;C0062;FRU0006;LATINOAMERICA;URUGUAY;300
2007;8;C0062;FRU0053;LATINOAMERICA;URUGUAY;2360
2007;8;C0062;FRU0012;LATINOAMERICA;URUGUAY;2160
2007;8;C0062;FRU0031;LATINOAMERICA;URUGUAY;5100
2007;8;C0062;FRU0022;LATINOAMERICA;URUGUAY;5900
2007;8;C0062;FRU0001;LATINOAMERICA;URUGUAY;660
2007;8;C0062;FRU0033;LATINOAMERICA;URUGUAY;720
2007;8;C0062;FRU0004;LATINOAMERICA;URUGUAY;2950
2007;8;C0062;FRU0013;LATINOAMERICA;URUGUAY;3600
2007;8;C0062;FRU0007;LATINOAMERICA;URUGUAY;2360
2007;8;C0062;FRU0009;LATINOAMERICA;URUGUAY;1800
2007;8;C0062;FRU0058;LATINOAMERICA;URUGUAY;480
2007;8;C0062;FRU0021;LATINOAMERICA;URUGUAY;680
2007;8;C0062;FRU0008;LATINOAMERICA;URUGUAY;590
2007;8;C0062;FRU0009;LATINOAMERICA;URUGUAY;712
2007;8;C0062;FRU0008;LATINOAMERICA;URUGUAY;300
2007;8;C0062;FRU0021;LATINOAMERICA;URUGUAY;3000
2007;8;C0099;FRU0001;EUROPA;FINLANDIA;3019
2007;8;C0048;FRU0004;EUROPA;RUSIA;2700
2007;8;C0048;FRU0023;EUROPA;RUSIA;5625
2007;8;C0048;FRU0021;EUROPA;RUSIA;6525
2007;8;C0048;FRU0006;EUROPA;RUSIA;3375
2007;8;C0048;FRU0008;EUROPA;RUSIA;4500
2007;8;C0048;FRU0008;EUROPA;RUSIA;7760
2007;8;C0048;FRU0159;EUROPA;RUSIA;900
2007;8;C0048;FRU0009;EUROPA;RUSIA;15000
2007;8;C0048;FRU0033;EUROPA;RUSIA;2987
2007;8;C0048;FRU0009;EUROPA;RUSIA;1455
2007;8;C0048;FRU0058;EUROPA;RUSIA;1940
2007;8;C0061;FRU0001;LATINOAMERICA;COLOMBIA;5030
2007;8;C0061;FRU0021;LATINOAMERICA;COLOMBIA;2250
2007;8;C0061;FRU0008;LATINOAMERICA;COLOMBIA;1140
2007;8;C0061;FRU0023;LATINOAMERICA;COLOMBIA;7215
2007;8;C0061;FRU0004;LATINOAMERICA;COLOMBIA;3165
2007;8;C0061;FRU0056;LATINOAMERICA;COLOMBIA;30
2007;8;C0061;FRU0009;LATINOAMERICA;COLOMBIA;7500
2007;8;C0061;FRU0056;LATINOAMERICA;COLOMBIA;5000
2007;8;C0005;FRU0022;NORTE AMERICA;CANADA;2912
2007;8;C0044;FRU0018;EUROPA;BELGICA;1137
2007;8;C0044;FRU0006;EUROPA;BELGICA;1155
2007;8;C0044;FRU0012;EUROPA;BELGICA;5048
2007;8;C0044;FRU0015;EUROPA;BELGICA;533
2007;8;C0044;FRU0033;EUROPA;BELGICA;3600
2007;8;C0044;FRU0009;EUROPA;BELGICA;533
2007;8;C0044;FRU0022;EUROPA;BELGICA;1170
2007;8;C0044;FRU0004;EUROPA;BELGICA;1170
2007;8;C0044;FRU0031;EUROPA;BELGICA;1092
2007;8;C0018;FRU0008;LATINOAMERICA;COLOMBIA;5000
2007;8;C0018;FRU0004;LATINOAMERICA;COLOMBIA;6750
2007;8;C0018;FRU0056;LATINOAMERICA;COLOMBIA;5500
2007;8;C0018;FRU0021;LATINOAMERICA;COLOMBIA;15000
2007;8;C0018;FRU0004;LATINOAMERICA;COLOMBIA;5000
2007;8;C0018;FRU0001;LATINOAMERICA;COLOMBIA;11000
2007;8;C0018;FRU0053;LATINOAMERICA;COLOMBIA;17500
2007;8;C0044;FRU0004;EUROPA;BELGICA;2390
2007;8;C0044;FRU0053;EUROPA;BELGICA;2615
2007;8;C0044;FRU0159;EUROPA;BELGICA;721
2007;8;C0044;FRU0006;EUROPA;BELGICA;2390
2007;8;C0044;FRU0013;EUROPA;BELGICA;1447
2007;8;C0044;FRU0009;EUROPA;BELGICA;2908
2007;8;C0044;FRU0008;EUROPA;BELGICA;976
2007;8;C0044;FRU0007;EUROPA;BELGICA;2615
2007;8;C0044;FRU0004;EUROPA;BELGICA;2615
2007;8;C0044;FRU0001;EUROPA;BELGICA;2130
2007;8;C0044;FRU0056;EUROPA;BELGICA;2130
2007;8;C0100;FRU0006;EUROPA;MALTA;376
2007;8;C0100;FRU0008;EUROPA;MALTA;376
2007;8;C0100;FRU0021;EUROPA;MALTA;376
2007;8;C0100;FRU0023;EUROPA;MALTA;376
2007;8;C0100;FRU0004;EUROPA;MALTA;376
2007;8;C0100;FRU0021;EUROPA;MALTA;280
2007;8;C0100;FRU0033;EUROPA;MALTA;280
2007;8;C0100;FRU0013;EUROPA;MALTA;280
2007;8;C0100;FRU0009;EUROPA;MALTA;280
2007;8;C0100;FRU0031;EUROPA;MALTA;280
2007;8;C0100;FRU0012;EUROPA;MALTA;280
2007;8;C0100;FRU0001;EUROPA;MALTA;300
2007;8;C0100;FRU0056;EUROPA;MALTA;300
2007;8;C0100;FRU0009;EUROPA;MALTA;300
2007;9;C0022;FRU0053;EUROPA;REPUBLICA CHECA;1500
2007;9;C0022;FRU0004;EUROPA;REPUBLICA CHECA;1507
2007;9;C0022;FRU0022;EUROPA;REPUBLICA CHECA;1357
2007;9;C0022;FRU0007;EUROPA;REPUBLICA CHECA;1507
2007;9;C0022;FRU0006;EUROPA;REPUBLICA CHECA;1350
2007;9;C0022;FRU0012;EUROPA;REPUBLICA CHECA;917
2007;9;C0022;FRU0009;EUROPA;REPUBLICA CHECA;1307
2007;9;C0022;FRU0021;EUROPA;REPUBLICA CHECA;657
2007;9;C0022;FRU0033;EUROPA;REPUBLICA CHECA;1047
2007;9;C0022;FRU0138;EUROPA;REPUBLICA CHECA;7660
2007;9;C0022;FRU0028;EUROPA;REPUBLICA CHECA;17658
2007;9;C0006;FRU0009;NORTE AMERICA;USA;864
2007;9;C0006;FRU0013;NORTE AMERICA;USA;4032
2007;9;C0006;FRU0056;NORTE AMERICA;USA;1500
2007;9;C0006;FRU0004;NORTE AMERICA;USA;14690
2007;9;C0006;FRU0031;NORTE AMERICA;USA;3352
2007;9;C0006;FRU0022;NORTE AMERICA;USA;5100
2007;9;C0006;FRU0012;NORTE AMERICA;USA;2880
2007;9;C0006;FRU0053;NORTE AMERICA;USA;14280
2007;9;C0006;FRU0009;NORTE AMERICA;USA;3000
2007;9;C0015;FRU0022;EUROPA;INGLATERRA;3405
2007;9;C0015;FRU0009;EUROPA;INGLATERRA;11310
2007;9;C0015;FRU0013;EUROPA;INGLATERRA;5655
2007;9;C0015;FRU0021;EUROPA;INGLATERRA;15080
2007;9;C0015;FRU0033;EUROPA;INGLATERRA;22620
2007;9;C0005;FRU0012;NORTE AMERICA;CANADA;4140
2007;9;C0075;FRU0008;EUROPA;NUEVA ZELANDA;960
2007;9;C0075;FRU0004;EUROPA;NUEVA ZELANDA;960
2007;9;C0075;FRU0023;EUROPA;NUEVA ZELANDA;1440
2007;9;C0075;FRU0021;EUROPA;NUEVA ZELANDA;1920
2007;9;C0064;FRU0053;NORTE AMERICA;CANADA;1250
2007;9;C0064;FRU0007;NORTE AMERICA;CANADA;1250
2007;9;C0064;FRU0157;NORTE AMERICA;CANADA;16875
2007;9;C0010;FRU0006;EUROPA;DINAMARCA;4852
2007;9;C0010;FRU0013;EUROPA;DINAMARCA;14317
2007;9;C0010;FRU0009;EUROPA;DINAMARCA;4289
2007;9;C0010;FRU0053;EUROPA;DINAMARCA;6861
2007;9;C0010;FRU0012;EUROPA;DINAMARCA;7153
2007;9;C0010;FRU0021;EUROPA;DINAMARCA;4289
2007;9;C0099;FRU0001;EUROPA;FINLANDIA;4696
2007;9;C0014;FRU0058;EUROPA;HOLANDA;855
2007;9;C0014;FRU0033;EUROPA;HOLANDA;9900
2007;9;C0014;FRU0022;EUROPA;HOLANDA;1635
2007;9;C0014;FRU0004;EUROPA;HOLANDA;5045
2007;9;C0014;FRU0013;EUROPA;HOLANDA;5660
2007;9;C0014;FRU0009;EUROPA;HOLANDA;18390
2007;9;C0014;FRU0012;EUROPA;HOLANDA;6060
2007;9;C0014;FRU0053;EUROPA;HOLANDA;250
2007;9;C0014;FRU0004;EUROPA;HOLANDA;225
2007;9;C0014;FRU0045;EUROPA;HOLANDA;4240
2007;9;C0014;FRU0198;EUROPA;HOLANDA;2830
2007;9;C0014;FRU0008;EUROPA;HOLANDA;1410
2007;9;C0014;FRU0017;EUROPA;HOLANDA;2830
2007;9;C0008;FRU0009;NORTE AMERICA;USA;1200
2007;9;C0008;FRU0022;NORTE AMERICA;USA;15450
2007;9;C0008;FRU0056;NORTE AMERICA;USA;5000
2007;9;C0008;FRU0023;NORTE AMERICA;USA;4500
2007;9;C0008;FRU0053;NORTE AMERICA;USA;7545
2007;9;C0008;FRU0008;NORTE AMERICA;USA;4030
2007;9;C0016;FRU0159;LATINOAMERICA;BRASIL;1200
2007;9;C0016;FRU0021;LATINOAMERICA;BRASIL;7050
2007;9;C0016;FRU0008;LATINOAMERICA;BRASIL;2250
2007;9;C0016;FRU0009;LATINOAMERICA;BRASIL;1500
2007;9;C0016;FRU0056;LATINOAMERICA;BRASIL;5500
2007;9;C0016;FRU0021;LATINOAMERICA;BRASIL;6300
2007;9;C0016;FRU0031;LATINOAMERICA;BRASIL;7784
2007;9;C0016;FRU0012;LATINOAMERICA;BRASIL;15600
2007;9;C0016;FRU0001;LATINOAMERICA;BRASIL;4400
2007;9;C0016;FRU0022;LATINOAMERICA;BRASIL;6885
2007;9;C0016;FRU0004;LATINOAMERICA;BRASIL;6900
2007;10;C0101;FRU0009;LATINOAMERICA;PARAGUAY;750
2007;10;C0101;FRU0008;LATINOAMERICA;PARAGUAY;250
2007;10;C0101;FRU0058;LATINOAMERICA;PARAGUAY;515
2007;10;C0101;FRU0007;LATINOAMERICA;PARAGUAY;1015
2007;10;C0101;FRU0013;LATINOAMERICA;PARAGUAY;310
2007;10;C0101;FRU0056;LATINOAMERICA;PARAGUAY;1100
2007;10;C0101;FRU0031;LATINOAMERICA;PARAGUAY;310
2007;10;C0101;FRU0001;LATINOAMERICA;PARAGUAY;1100
2007;10;C0101;FRU0022;LATINOAMERICA;PARAGUAY;1015
2007;10;C0101;FRU0012;LATINOAMERICA;PARAGUAY;300
2007;10;C0101;FRU0053;LATINOAMERICA;PARAGUAY;1000
2007;10;C0101;FRU0006;LATINOAMERICA;PARAGUAY;600
2007;10;C0101;FRU0021;LATINOAMERICA;PARAGUAY;900
2007;10;C0101;FRU0008;LATINOAMERICA;PARAGUAY;600
2007;10;C0016;FRU0021;LATINOAMERICA;BRASIL;14100
2007;10;C0016;FRU0022;LATINOAMERICA;BRASIL;6237
2007;10;C0016;FRU0009;LATINOAMERICA;BRASIL;1120
2007;10;C0077;FRU0015;EUROPA;ITALIA;185
2007;10;C0077;FRU0015;EUROPA;ITALIA;556
2007;10;C0077;FRU0021;EUROPA;ITALIA;445
2007;10;C0077;FRU0091;EUROPA;ITALIA;570
2007;10;C0077;FRU0010;EUROPA;ITALIA;627
2007;10;C0077;FRU0004;EUROPA;ITALIA;627
2007;10;C0077;FRU0022;EUROPA;ITALIA;502
2007;10;C0077;FRU0031;EUROPA;ITALIA;148
2007;10;C0022;FRU0009;EUROPA;REPUBLICA CHECA;600
2007;10;C0022;FRU0008;EUROPA;REPUBLICA CHECA;564
2007;10;C0102;FRU0021;LATINOAMERICA;URUGUAY;340
2007;10;C0102;FRU0058;LATINOAMERICA;URUGUAY;480
2007;10;C0102;FRU0009;LATINOAMERICA;URUGUAY;540
2007;10;C0102;FRU0007;LATINOAMERICA;URUGUAY;885
2007;10;C0102;FRU0013;LATINOAMERICA;URUGUAY;1440
2007;10;C0102;FRU0056;LATINOAMERICA;URUGUAY;1980
2007;10;C0102;FRU0021;LATINOAMERICA;URUGUAY;1080
2007;10;C0102;FRU0004;LATINOAMERICA;URUGUAY;1770
2007;10;C0102;FRU0031;LATINOAMERICA;URUGUAY;1700
2007;10;C0102;FRU0001;LATINOAMERICA;URUGUAY;3960
2007;10;C0102;FRU0022;LATINOAMERICA;URUGUAY;3540
2007;10;C0102;FRU0033;LATINOAMERICA;URUGUAY;540
2007;10;C0102;FRU0012;LATINOAMERICA;URUGUAY;1440
2007;10;C0102;FRU0053;LATINOAMERICA;URUGUAY;2360
2007;10;C0102;FRU0021;LATINOAMERICA;URUGUAY;900
2007;10;C0027;FRU0008;EUROPA;INGLATERRA;940
2007;10;C0027;FRU0021;EUROPA;INGLATERRA;4550
2007;10;C0027;FRU0022;EUROPA;INGLATERRA;7125
2007;10;C0027;FRU0028;EUROPA;INGLATERRA;5660
2007;10;C0027;FRU0033;EUROPA;INGLATERRA;5660
2007;10;C0027;FRU0013;EUROPA;INGLATERRA;5660
2007;10;C0027;FRU0021;EUROPA;INGLATERRA;2830
2007;10;C0013;FRU0007;EUROPA;AUSTRIA;5400
2007;10;C0013;FRU0010;EUROPA;AUSTRIA;5400
2007;10;C0013;FRU0022;EUROPA;AUSTRIA;70870
2007;10;C0054;0;NORTE AMERICA;USA;1545
2007;10;C0054;0;NORTE AMERICA;USA;5980
2007;10;C0054;0;NORTE AMERICA;USA;2300
2007;10;C0054;0;NORTE AMERICA;USA;2990
2007;10;C0054;0;NORTE AMERICA;USA;460
2007;10;C0054;FRU0015;NORTE AMERICA;USA;2380
2007;10;C0054;FRU0012;NORTE AMERICA;USA;1960
2007;10;C0054;0;NORTE AMERICA;USA;2520
2007;10;C0054;0;NORTE AMERICA;USA;700
2007;10;C0054;FRU0039;NORTE AMERICA;USA;1680
2007;10;C0082;FRU0009;LATINOAMERICA;GUATEMALA;1200
2007;10;C0082;FRU0008;LATINOAMERICA;GUATEMALA;300
2007;10;C0082;FRU0015;LATINOAMERICA;GUATEMALA;150
2007;10;C0082;FRU0009;LATINOAMERICA;GUATEMALA;610
2007;10;C0082;FRU0007;LATINOAMERICA;GUATEMALA;1015
2007;10;C0082;FRU0013;LATINOAMERICA;GUATEMALA;910
2007;10;C0082;FRU0056;LATINOAMERICA;GUATEMALA;1100
2007;10;C0082;FRU0004;LATINOAMERICA;GUATEMALA;1500
2007;10;C0082;FRU0019;LATINOAMERICA;GUATEMALA;160
2007;10;C0082;FRU0001;LATINOAMERICA;GUATEMALA;1100
2007;10;C0082;FRU0022;LATINOAMERICA;GUATEMALA;1030
2007;10;C0082;FRU0006;LATINOAMERICA;GUATEMALA;415
2007;10;C0082;FRU0012;LATINOAMERICA;GUATEMALA;750
2007;10;C0082;FRU0053;LATINOAMERICA;GUATEMALA;1000
2007;10;C0082;FRU0021;LATINOAMERICA;GUATEMALA;310
2007;10;C0082;FRU0031;LATINOAMERICA;GUATEMALA;460
2007;10;C0005;FRU0022;NORTE AMERICA;CANADA;5096
2007;10;C0103;FRU0009;ASIA;TAIWAN;1500
2007;10;C0103;FRU0001;ASIA;TAIWAN;2400
2007;10;C0103;FRU0056;ASIA;TAIWAN;3600
2007;10;C0103;FRU0053;ASIA;TAIWAN;4170
2007;10;C0103;FRU0004;ASIA;TAIWAN;1390
2007;10;C0103;FRU0007;ASIA;TAIWAN;2780
2007;10;C0103;FRU0022;ASIA;TAIWAN;2780
2007;10;C0103;FRU0031;ASIA;TAIWAN;3240
2007;10;C0103;FRU0033;ASIA;TAIWAN;810
2007;10;C0103;FRU0009;ASIA;TAIWAN;4860
2007;10;C0103;FRU0013;ASIA;TAIWAN;1620
2007;10;C0072;FRU0031;NORTE AMERICA;CANADA;1250
2007;10;C0072;FRU0053;NORTE AMERICA;CANADA;14000
2007;10;C0072;FRU0006;NORTE AMERICA;CANADA;1260
2007;10;C0024;FRU0021;EUROPA;POLONIA;1674
2007;10;C0024;FRU0013;EUROPA;POLONIA;1306
2007;10;C0024;FRU0012;EUROPA;POLONIA;1492
2007;10;C0024;FRU0033;EUROPA;POLONIA;1119
2007;10;C0024;FRU0004;EUROPA;POLONIA;1225
2007;10;C0024;FRU0010;EUROPA;POLONIA;2143
2007;10;C0024;FRU0022;EUROPA;POLONIA;1225
2007;10;C0024;FRU0004;EUROPA;POLONIA;1837
2007;10;C0024;FRU0031;EUROPA;POLONIA;142
2007;10;C0049;FRU0006;LATINOAMERICA;COSTA RICA;192
2007;10;C0049;FRU0021;LATINOAMERICA;COSTA RICA;1920
2007;10;C0049;FRU0008;LATINOAMERICA;COSTA RICA;2400
2007;10;C0049;FRU0021;LATINOAMERICA;COSTA RICA;1820
2007;10;C0049;FRU0058;LATINOAMERICA;COSTA RICA;2030
2007;10;C0049;FRU0028;LATINOAMERICA;COSTA RICA;3220
2007;10;C0049;FRU0007;LATINOAMERICA;COSTA RICA;2170
2007;10;C0049;FRU0013;LATINOAMERICA;COSTA RICA;3540
2007;10;C0049;FRU0056;LATINOAMERICA;COSTA RICA;1620
2007;10;C0049;FRU0021;LATINOAMERICA;COSTA RICA;1620
2007;10;C0049;FRU0004;LATINOAMERICA;COSTA RICA;2690
2007;10;C0049;FRU0031;LATINOAMERICA;COSTA RICA;3040
2007;10;C0049;FRU0001;LATINOAMERICA;COSTA RICA;1620
2007;10;C0049;FRU0022;LATINOAMERICA;COSTA RICA;3560
2007;10;C0049;FRU0033;LATINOAMERICA;COSTA RICA;3230
2007;10;C0049;FRU0080;LATINOAMERICA;COSTA RICA;2215
2007;10;C0049;FRU0012;LATINOAMERICA;COSTA RICA;3240
2007;10;C0049;FRU0053;LATINOAMERICA;COSTA RICA;2170
2007;10;C0017;FRU0008;LATINOAMERICA;PERU;200
2007;10;C0017;FRU0021;LATINOAMERICA;PERU;4000
2007;10;C0017;FRU0028;LATINOAMERICA;PERU;4000
2007;10;C0017;FRU0034;LATINOAMERICA;PERU;4105
2007;10;C0017;FRU0056;LATINOAMERICA;PERU;2500
2007;10;C0017;FRU0031;LATINOAMERICA;PERU;5500
2007;10;C0017;FRU0001;LATINOAMERICA;PERU;2500
2007;10;C0017;FRU0022;LATINOAMERICA;PERU;6240
2007;10;C0017;FRU0053;LATINOAMERICA;PERU;4000
2007;10;C0017;FRU0021;LATINOAMERICA;PERU;2700
2007;10;C0009;0;NORTE AMERICA;USA;2625
2007;10;C0009;FRU0057;NORTE AMERICA;USA;2625
2007;10;C0009;FRU0004;NORTE AMERICA;USA;3150
2007;10;C0009;FRU0024;NORTE AMERICA;USA;3150
2007;10;C0096;FRU0018;NORTE AMERICA;USA;1750
2007;10;C0096;FRU0013;NORTE AMERICA;USA;18330
2007;10;C0096;FRU0031;NORTE AMERICA;USA;6322
2007;10;C0096;FRU0033;NORTE AMERICA;USA;6312
2007;10;C0096;FRU0053;NORTE AMERICA;USA;4230
2007;10;C0096;FRU0006;NORTE AMERICA;USA;1260
2007;10;C0096;FRU0023;NORTE AMERICA;USA;1260
2007;10;C0002;FRU0021;NORTE AMERICA;USA;3980
2007;10;C0002;FRU0004;NORTE AMERICA;USA;6855
2007;10;C0002;FRU0031;NORTE AMERICA;USA;6630
2007;10;C0002;FRU0080;NORTE AMERICA;USA;2030
2007;10;C0002;FRU0053;NORTE AMERICA;USA;6870
2007;10;C0002;FRU0006;NORTE AMERICA;USA;6750
2007;10;C0002;FRU0021;NORTE AMERICA;USA;6750
2007;10;C0002;FRU0013;NORTE AMERICA;USA;25170
2007;10;C0002;FRU0004;NORTE AMERICA;USA;3375
2007;10;C0002;FRU0023;NORTE AMERICA;USA;6750
2007;10;C0010;FRU0009;EUROPA;DINAMARCA;4203
2007;10;C0010;FRU0056;EUROPA;DINAMARCA;4246
2007;10;C0010;FRU0004;EUROPA;DINAMARCA;4696
2007;10;C0010;FRU0008;EUROPA;DINAMARCA;4435
2007;10;C0010;FRU0033;EUROPA;DINAMARCA;6957
2007;10;C0010;FRU0021;EUROPA;DINAMARCA;2778
2007;10;C0010;FRU0012;EUROPA;DINAMARCA;5491
2007;10;C0010;FRU0009;EUROPA;DINAMARCA;2778
2007;10;C0010;FRU0013;EUROPA;DINAMARCA;9737
2007;10;C0010;FRU0053;EUROPA;DINAMARCA;8856
2007;10;C0009;FRU0008;NORTE AMERICA;USA;1200
2007;10;C0009;FRU0056;NORTE AMERICA;USA;6000
2007;10;C0009;FRU0001;NORTE AMERICA;USA;5000
2007;10;C0009;FRU0053;NORTE AMERICA;USA;2000
2007;10;C0009;FRU0034;NORTE AMERICA;USA;2000
2007;10;C0009;FRU0058;NORTE AMERICA;USA;1125
2007;10;C0009;FRU0004;NORTE AMERICA;USA;2500
2007;10;C0009;FRU0022;NORTE AMERICA;USA;2500
2007;10;C0009;FRU0080;NORTE AMERICA;USA;2250
2007;10;C0009;FRU0028;NORTE AMERICA;USA;1500
2007;10;C0009;FRU0028;NORTE AMERICA;USA;1500
2007;10;C0009;FRU0013;NORTE AMERICA;USA;2250
2007;10;C0009;FRU0031;NORTE AMERICA;USA;1500
2007;10;C0009;FRU0033;NORTE AMERICA;USA;1400
2007;10;C0009;FRU0021;NORTE AMERICA;USA;1400
2007;10;C0016;FRU0021;LATINOAMERICA;BRASIL;2268
2007;10;C0016;FRU0028;LATINOAMERICA;BRASIL;2380
2007;10;C0016;FRU0013;LATINOAMERICA;BRASIL;4680
2007;10;C0016;FRU0021;LATINOAMERICA;BRASIL;4680
2007;10;C0016;FRU0031;LATINOAMERICA;BRASIL;15204
2007;10;C0016;FRU0012;LATINOAMERICA;BRASIL;9360
2007;10;C0016;FRU0006;LATINOAMERICA;BRASIL;3525
2007;10;C0016;FRU0008;LATINOAMERICA;BRASIL;3525
2007;10;C0005;FRU0028;NORTE AMERICA;CANADA;1449
2007;10;C0026;FRU0021;EUROPA;REPUBLICA CHECA;550
2007;10;C0026;FRU0033;EUROPA;REPUBLICA CHECA;1090
2007;10;C0026;FRU0031;EUROPA;REPUBLICA CHECA;1090
2007;10;C0026;FRU0009;EUROPA;REPUBLICA CHECA;1360
2007;10;C0026;FRU0012;EUROPA;REPUBLICA CHECA;1370
2007;10;C0004;FRU0023;NORTE AMERICA;USA;3080
2007;10;C0004;FRU0008;NORTE AMERICA;USA;630
2007;10;C0004;FRU0001;NORTE AMERICA;USA;900
2007;10;C0004;FRU0056;NORTE AMERICA;USA;900
2007;10;C0004;FRU0021;NORTE AMERICA;USA;840
2007;10;C0004;FRU0028;NORTE AMERICA;USA;3360
2007;10;C0004;FRU0033;NORTE AMERICA;USA;3000
2007;10;C0004;FRU0031;NORTE AMERICA;USA;3000
2007;10;C0004;FRU0013;NORTE AMERICA;USA;4680
2007;10;C0004;FRU0028;NORTE AMERICA;USA;3000
2007;10;C0004;FRU0058;NORTE AMERICA;USA;1344
2007;10;C0004;FRU0080;NORTE AMERICA;USA;2688
2007;10;C0004;FRU0022;NORTE AMERICA;USA;5830
2007;10;C0004;FRU0004;NORTE AMERICA;USA;2968
2007;10;C0004;FRU0034;NORTE AMERICA;USA;2968
2007;10;C0064;FRU0005;NORTE AMERICA;CANADA;35310
2007;10;C0013;FRU0058;EUROPA;AUSTRIA;1485
2007;10;C0013;FRU0021;EUROPA;AUSTRIA;616
2007;10;C0013;FRU0031;EUROPA;AUSTRIA;1540
2007;10;C0013;FRU0033;EUROPA;AUSTRIA;3080
2007;10;C0064;FRU0004;NORTE AMERICA;CANADA;21186
2007;10;C0104;FRU0019;EUROPA;FRANCIA;375
2007;10;C0104;FRU0012;EUROPA;FRANCIA;375
2007;10;C0104;FRU0013;EUROPA;FRANCIA;375
2007;10;C0104;FRU0049;EUROPA;FRANCIA;310
2007;10;C0104;FRU0010;EUROPA;FRANCIA;620
2007;10;C0104;FRU0022;EUROPA;FRANCIA;317
2007;10;C0104;FRU0031;EUROPA;FRANCIA;170
2007;10;C0099;FRU0031;EUROPA;FINLANDIA;6753
2007;10;C0015;FRU0013;EUROPA;INGLATERRA;5460
2007;10;C0015;FRU0022;EUROPA;INGLATERRA;3405
2007;10;C0015;FRU0006;EUROPA;INGLATERRA;4500
2007;10;C0015;FRU0021;EUROPA;INGLATERRA;12649
2007;10;C0018;FRU0013;LATINOAMERICA;COLOMBIA;2250
2007;10;C0018;FRU0198;LATINOAMERICA;COLOMBIA;1560
2007;10;C0018;0;LATINOAMERICA;COLOMBIA;3250
2007;10;C0018;FRU0008;LATINOAMERICA;COLOMBIA;4725
2007;10;C0018;FRU0017;LATINOAMERICA;COLOMBIA;4550
2007;10;C0018;FRU0045;LATINOAMERICA;COLOMBIA;1300
2007;11;C0073;FRU0031;EUROPA;ESLOVAQUIA;445
2007;11;C0073;FRU0004;EUROPA;ESLOVAQUIA;192
2007;11;C0073;FRU0022;EUROPA;ESLOVAQUIA;449
2007;11;C0073;FRU0010;EUROPA;ESLOVAQUIA;461
2007;11;C0073;FRU0049;EUROPA;ESLOVAQUIA;197
2007;11;C0073;FRU0004;EUROPA;ESLOVAQUIA;420
2007;11;C0073;FRU0031;EUROPA;ESLOVAQUIA;494
2007;11;C0073;FRU0033;EUROPA;ESLOVAQUIA;494
2007;11;C0073;FRU0015;EUROPA;ESLOVAQUIA;123
2007;11;C0010;FRU0008;EUROPA;DINAMARCA;4842
2007;11;C0010;FRU0004;EUROPA;DINAMARCA;4842
2007;11;C0010;FRU0006;EUROPA;DINAMARCA;4842
2007;11;C0010;FRU0009;EUROPA;DINAMARCA;2226
2007;11;C0010;FRU0056;EUROPA;DINAMARCA;6548
2007;11;C0010;FRU0008;EUROPA;DINAMARCA;4559
2007;11;C0010;FRU0033;EUROPA;DINAMARCA;7153
2007;11;C0010;FRU0053;EUROPA;DINAMARCA;4559
2007;11;C0010;FRU0009;EUROPA;DINAMARCA;2857
2007;11;C0010;FRU0012;EUROPA;DINAMARCA;12938
2007;11;C0030;FRU0009;NORTE AMERICA;USA;600
2007;11;C0030;FRU0058;NORTE AMERICA;USA;1260
2007;11;C0030;FRU0007;NORTE AMERICA;USA;2703
2007;11;C0030;FRU0053;NORTE AMERICA;USA;1359
2007;11;C0030;FRU0022;NORTE AMERICA;USA;2703
2007;11;C0030;FRU0021;NORTE AMERICA;USA;1578
2007;11;C0030;FRU0028;NORTE AMERICA;USA;2372
2007;11;C0030;FRU0013;NORTE AMERICA;USA;2372
2007;11;C0030;FRU0012;NORTE AMERICA;USA;1578
2007;11;C0030;FRU0031;NORTE AMERICA;USA;784
2007;11;C0064;FRU0034;NORTE AMERICA;CANADA;1400
2007;11;C0064;FRU0053;NORTE AMERICA;CANADA;1400
2007;11;C0063;0;NORTE AMERICA;USA;1568
2007;11;C0063;FRU0015;NORTE AMERICA;USA;4704
2007;11;C0063;0;NORTE AMERICA;USA;4704
2007;11;C0063;FRU0039;NORTE AMERICA;USA;4704
2007;11;C0039;FRU0008;ASIA;KOREA;4030
2007;11;C0039;FRU0007;ASIA;KOREA;9860
2007;11;C0039;FRU0013;ASIA;KOREA;8460
2007;11;C0039;FRU0056;ASIA;KOREA;4900
2007;11;C0039;FRU0012;ASIA;KOREA;8460
2007;11;C0039;FRU0022;ASIA;KOREA;9860
2007;11;C0039;FRU0033;ASIA;KOREA;8460
2007;11;C0039;FRU0031;ASIA;KOREA;28200
2007;11;C0039;FRU0028;ASIA;KOREA;14100
2007;11;C0007;FRU0056;ASIA;HONG KONG;9350
2007;11;C0007;FRU0028;ASIA;HONG KONG;1510
2007;11;C0007;FRU0006;ASIA;HONG KONG;1350
2007;11;C0007;FRU0023;ASIA;HONG KONG;1350
2007;11;C0007;FRU0058;ASIA;HONG KONG;400
2007;11;C0007;FRU0034;ASIA;HONG KONG;1500
2007;11;C0007;FRU0028;ASIA;HONG KONG;3020
2007;11;C0007;FRU0033;ASIA;HONG KONG;2820
2007;11;C0007;FRU0022;ASIA;HONG KONG;10060
2007;11;C0007;FRU0031;ASIA;HONG KONG;2820
2007;11;C0007;FRU0159;ASIA;HONG KONG;1800
2007;11;C0059;FRU0001;ASIA;SINGAPUR;2200
2007;11;C0059;FRU0004;ASIA;SINGAPUR;2815
2007;11;C0059;FRU0034;ASIA;SINGAPUR;1815
2007;11;C0059;FRU0022;ASIA;SINGAPUR;1400
2007;11;C0059;FRU0058;ASIA;SINGAPUR;2535
2007;11;C0059;FRU0013;ASIA;SINGAPUR;840
2007;11;C0059;FRU0028;ASIA;SINGAPUR;1690
2007;11;C0059;FRU0021;ASIA;SINGAPUR;1568
2007;11;C0072;FRU0013;NORTE AMERICA;CANADA;9436
2007;11;C0072;FRU0021;NORTE AMERICA;CANADA;900
2007;11;C0072;FRU0006;NORTE AMERICA;CANADA;675
2007;11;C0072;FRU0056;NORTE AMERICA;CANADA;4800
2007;11;C0072;FRU0058;NORTE AMERICA;CANADA;270
2007;11;C0072;FRU0053;NORTE AMERICA;CANADA;150
2007;11;C0072;FRU0083;NORTE AMERICA;CANADA;270
2007;11;C0072;0;NORTE AMERICA;CANADA;120
2007;11;C0072;FRU0018;NORTE AMERICA;CANADA;120
2007;11;C0072;FRU0031;NORTE AMERICA;CANADA;120
2007;11;C0072;FRU0009;NORTE AMERICA;CANADA;120
2007;11;C0005;FRU0022;NORTE AMERICA;CANADA;1456
2007;11;C0014;FRU0033;EUROPA;HOLANDA;5660
2007;11;C0014;FRU0008;EUROPA;HOLANDA;2130
2007;11;C0014;FRU0006;EUROPA;HOLANDA;1125
2007;11;C0014;FRU0028;EUROPA;HOLANDA;1520
2007;11;C0014;FRU0022;EUROPA;HOLANDA;3405
2007;11;C0014;0;EUROPA;HOLANDA;2830
2007;11;C0014;0;EUROPA;HOLANDA;1520
2007;11;C0014;FRU0045;EUROPA;HOLANDA;7070
2007;11;C0014;FRU0198;EUROPA;HOLANDA;2830
2007;11;C0014;0;EUROPA;HOLANDA;6060
2007;11;C0012;FRU0010;EUROPA;ALEMANIA;729
2007;11;C0012;FRU0004;EUROPA;ALEMANIA;364
2007;11;C0012;FRU0007;EUROPA;ALEMANIA;1107
2007;11;C0012;FRU0021;EUROPA;ALEMANIA;2284
2007;11;C0012;FRU0013;EUROPA;ALEMANIA;1286
2007;11;C0012;FRU0033;EUROPA;ALEMANIA;637
2007;11;C0012;FRU0009;EUROPA;ALEMANIA;1715
2007;11;C0012;FRU0015;EUROPA;ALEMANIA;637
2007;11;C0012;FRU0012;EUROPA;ALEMANIA;1932
2007;11;C0012;FRU0019;EUROPA;ALEMANIA;1913
2007;11;C0012;FRU0049;EUROPA;ALEMANIA;218
2007;11;C0012;FRU0004;EUROPA;ALEMANIA;654
2007;11;C0044;FRU0015;EUROPA;BELGICA;576
2007;11;C0044;FRU0021;EUROPA;BELGICA;576
2007;11;C0044;FRU0031;EUROPA;BELGICA;737
2007;11;C0056;FRU0008;NORTE AMERICA;USA;2250
2007;11;C0056;FRU0028;NORTE AMERICA;USA;910
2007;11;C0056;FRU0028;NORTE AMERICA;USA;3000
2007;11;C0056;FRU0031;NORTE AMERICA;USA;3000
2007;11;C0056;FRU0001;NORTE AMERICA;USA;3000
2007;11;C0056;FRU0159;NORTE AMERICA;USA;2160
2007;11;C0056;FRU0008;NORTE AMERICA;USA;800
2007;11;C0056;FRU0053;NORTE AMERICA;USA;2515
2007;11;C0056;FRU0004;NORTE AMERICA;USA;2515
2007;11;C0056;FRU0034;NORTE AMERICA;USA;10040
2007;11;C0056;FRU0022;NORTE AMERICA;USA;10060
2007;11;C0056;FRU0080;NORTE AMERICA;USA;9000
2007;11;C0056;FRU0013;NORTE AMERICA;USA;910
2007;11;C0056;FRU0056;NORTE AMERICA;USA;2500
2007;11;C0056;FRU0033;NORTE AMERICA;USA;1410
2007;11;C0056;FRU0023;NORTE AMERICA;USA;1350
2007;11;C0056;FRU0004;NORTE AMERICA;USA;1350
2007;12;C0012;FRU0049;EUROPA;ALEMANIA;176
2007;12;C0059;FRU0034;ASIA;SINGAPUR;1000
2007;12;C0105;FRU0021;LATINOAMERICA;MEXICO;640
2007;12;C0105;FRU0058;LATINOAMERICA;MEXICO;2560
2007;12;C0105;FRU0080;LATINOAMERICA;MEXICO;5075
2007;12;C0105;FRU0053;LATINOAMERICA;MEXICO;10650
2007;12;C0105;FRU0007;LATINOAMERICA;MEXICO;8150
2007;12;C0105;FRU0021;LATINOAMERICA;MEXICO;310
2007;12;C0105;FRU0033;LATINOAMERICA;MEXICO;650
2007;12;C0105;FRU0022;LATINOAMERICA;MEXICO;8180
2007;12;C0105;FRU0004;LATINOAMERICA;MEXICO;5075
2007;12;C0105;FRU0008;LATINOAMERICA;MEXICO;5000
2007;12;C0105;FRU0021;LATINOAMERICA;MEXICO;6500
2007;12;C0022;FRU0028;EUROPA;REPUBLICA CHECA;5899
2007;12;C0022;FRU0031;EUROPA;REPUBLICA CHECA;3928
2007;12;C0022;FRU0083;EUROPA;REPUBLICA CHECA;750
2007;12;C0022;FRU0004;EUROPA;REPUBLICA CHECA;3764
2007;12;C0022;FRU0053;EUROPA;REPUBLICA CHECA;3764
2007;12;C0022;FRU0058;EUROPA;REPUBLICA CHECA;3389
2007;12;C0022;FRU0022;EUROPA;REPUBLICA CHECA;3389
2007;12;C0022;FRU0028;EUROPA;REPUBLICA CHECA;1964
2007;12;C0022;FRU0013;EUROPA;REPUBLICA CHECA;1964
2007;12;C0022;FRU0080;EUROPA;REPUBLICA CHECA;3389
2007;12;C0022;FRU0034;EUROPA;REPUBLICA CHECA;3764
2007;12;C0022;FRU0021;EUROPA;REPUBLICA CHECA;5899
2007;12;C0022;FRU0033;EUROPA;REPUBLICA CHECA;7863
2007;12;C0022;FRU0008;EUROPA;REPUBLICA CHECA;940
2007;12;C0014;FRU0021;EUROPA;HOLANDA;2250
2007;12;C0014;FRU0080;EUROPA;HOLANDA;4245
2007;12;C0014;FRU0004;EUROPA;HOLANDA;1515
2007;12;C0014;FRU0013;EUROPA;HOLANDA;2120
2007;12;C0014;FRU0028;EUROPA;HOLANDA;7780
2007;12;C0014;FRU0028;EUROPA;HOLANDA;2270
2007;12;C0014;FRU0022;EUROPA;HOLANDA;2280
2007;12;C0014;FRU0058;EUROPA;HOLANDA;855
2007;12;C0014;FRU0033;EUROPA;HOLANDA;10610
2007;12;C0006;FRU0021;NORTE AMERICA;USA;3480
2007;12;C0006;FRU0013;NORTE AMERICA;USA;3480
2007;12;C0006;FRU0056;NORTE AMERICA;USA;15000
2007;12;C0006;FRU0004;NORTE AMERICA;USA;3855
2007;12;C0006;FRU0031;NORTE AMERICA;USA;2516
2007;12;C0006;FRU0001;NORTE AMERICA;USA;7500
2007;12;C0006;FRU0022;NORTE AMERICA;USA;6180
2007;12;C0006;FRU0033;NORTE AMERICA;USA;1680
2007;12;C0006;FRU0028;NORTE AMERICA;USA;2170
2007;12;C0006;FRU0053;NORTE AMERICA;USA;3870
2007;12;C0016;FRU0021;LATINOAMERICA;BRASIL;6524
2007;12;C0016;FRU0058;LATINOAMERICA;BRASIL;2080
2007;12;C0016;FRU0034;LATINOAMERICA;BRASIL;8950
2007;12;C0016;FRU0013;LATINOAMERICA;BRASIL;6810
2007;12;C0016;FRU0006;LATINOAMERICA;BRASIL;3055
2007;12;C0016;FRU0053;LATINOAMERICA;BRASIL;9050
2007;12;C0016;0;LATINOAMERICA;BRASIL;9270
2007;12;C0024;FRU0033;EUROPA;POLONIA;1230
2007;12;C0024;FRU0031;EUROPA;POLONIA;768
2007;12;C0024;FRU0013;EUROPA;POLONIA;768
2007;12;C0024;FRU0012;EUROPA;POLONIA;1536
2007;12;C0024;FRU0006;EUROPA;POLONIA;861
2007;12;C0024;FRU0049;EUROPA;POLONIA;630
2007;12;C0024;FRU0004;EUROPA;POLONIA;1261
2007;12;C0021;FRU0021;EUROPA;ESPA헤;608
2007;12;C0021;FRU0053;EUROPA;ESPA헤;794
2007;12;C0021;FRU0004;EUROPA;ESPA헤;1324
2007;12;C0021;FRU0007;EUROPA;ESPA헤;529
2007;12;C0021;FRU0004;EUROPA;ESPA헤;300
2007;12;C0021;FRU0023;EUROPA;ESPA헤;614
2007;12;C0039;FRU0022;ASIA;KOREA;29580
2007;12;C0039;FRU0056;ASIA;KOREA;24500
2007;12;C0039;FRU0028;ASIA;KOREA;14100
2007;12;C0039;FRU0034;ASIA;KOREA;14790
2007;12;C0039;FRU0031;ASIA;KOREA;28200
2007;12;C0039;FRU0001;ASIA;KOREA;9800
2007;12;C0039;FRU0004;ASIA;KOREA;21190
2007;12;C0007;FRU0058;ASIA;HONG KONG;815
2007;12;C0007;FRU0028;ASIA;HONG KONG;3020
2007;12;C0007;FRU0034;ASIA;HONG KONG;2515
2007;12;C0007;FRU0004;ASIA;HONG KONG;2515
2007;12;C0007;FRU0033;ASIA;HONG KONG;14100
2007;12;C0007;FRU0023;ASIA;HONG KONG;2250
2007;12;C0083;FRU0058;ASIA;JAPON;2250
2007;12;C0083;FRU0004;ASIA;JAPON;2500
2007;12;C0083;FRU0053;ASIA;JAPON;2500
2007;12;C0083;FRU0080;ASIA;JAPON;2250
2007;12;C0083;FRU0022;ASIA;JAPON;2500
2007;12;C0005;FRU0022;NORTE AMERICA;CANADA;2184
2007;12;C0064;FRU0053;NORTE AMERICA;CANADA;1400
2007;12;C0064;FRU0034;NORTE AMERICA;CANADA;1400
2007;12;C0061;FRU0021;LATINOAMERICA;COLOMBIA;3150
2007;12;C0061;FRU0008;LATINOAMERICA;COLOMBIA;4500
2007;12;C0016;FRU0021;LATINOAMERICA;BRASIL;7500
2007;12;C0016;FRU0028;LATINOAMERICA;BRASIL;2240
2007;12;C0016;FRU0056;LATINOAMERICA;BRASIL;3300
2007;12;C0016;FRU0001;LATINOAMERICA;BRASIL;3850
2007;12;C0016;FRU0022;LATINOAMERICA;BRASIL;28400
2007;12;C0016;FRU0033;LATINOAMERICA;BRASIL;2660
2007;12;C0016;FRU0080;LATINOAMERICA;BRASIL;6700
2007;12;C0015;FRU0033;EUROPA;INGLATERRA;8580
2007;12;C0015;0;EUROPA;INGLATERRA;14560
2007;12;C0015;FRU0028;EUROPA;INGLATERRA;16380
2007;12;C0096;FRU0028;NORTE AMERICA;USA;3166
2007;12;C0096;0;NORTE AMERICA;USA;18638
2007;12;C0096;FRU0056;NORTE AMERICA;USA;2800
2007;12;C0096;FRU0004;NORTE AMERICA;USA;8445
2007;12;C0096;FRU0004;NORTE AMERICA;USA;3780
2007;12;C0096;FRU0008;NORTE AMERICA;USA;1260
2007;12;C0096;FRU0006;NORTE AMERICA;USA;1260
2007;12;C0096;FRU0028;NORTE AMERICA;USA;2372
2007;12;C0096;FRU0001;NORTE AMERICA;USA;2800
2007;12;C0075;FRU0004;EUROPA;NUEVA ZELANDA;2155
2007;12;C0106;FRU0007;EUROPA;ALEMANIA;3103
2007;12;C0107;FRU0007;EUROPA;ALEMANIA;620
2007;12;C0018;FRU0198;LATINOAMERICA;COLOMBIA;260
2007;12;C0018;0;LATINOAMERICA;COLOMBIA;780
2007;12;C0018;0;LATINOAMERICA;COLOMBIA;5340
2007;12;C0018;FRU0008;LATINOAMERICA;COLOMBIA;810
2007;12;C0018;FRU0043;LATINOAMERICA;COLOMBIA;800
2007;12;C0018;FRU0017;LATINOAMERICA;COLOMBIA;520
2007;12;C0018;0;LATINOAMERICA;COLOMBIA;800
2007;12;C0018;FRU0045;LATINOAMERICA;COLOMBIA;520
2007;12;C0018;FRU0021;LATINOAMERICA;COLOMBIA;840
2007;12;C0018;FRU0028;LATINOAMERICA;COLOMBIA;1200
2007;12;C0018;FRU0034;LATINOAMERICA;COLOMBIA;6675
2007;12;C0018;FRU0013;LATINOAMERICA;COLOMBIA;4005
2007;12;C0018;FRU0004;LATINOAMERICA;COLOMBIA;2000
2007;12;C0018;FRU0031;LATINOAMERICA;COLOMBIA;1120
2007;12;C0018;FRU0022;LATINOAMERICA;COLOMBIA;6007
2007;12;C0047;FRU0008;EUROPA;ALEMANIA;4112
2007;12;C0047;FRU0034;EUROPA;ALEMANIA;4910
2007;12;C0047;FRU0045;EUROPA;ALEMANIA;4916
2007;12;C0047;FRU0053;EUROPA;ALEMANIA;9820
2007;12;C0047;FRU0004;EUROPA;ALEMANIA;14739
2007;12;C0047;FRU0022;EUROPA;ALEMANIA;19649
2007;12;C0047;FRU0028;EUROPA;ALEMANIA;2681
2007;12;C0047;FRU0031;EUROPA;ALEMANIA;8015
2007;12;C0047;FRU0017;EUROPA;ALEMANIA;4920
2007;12;C0047;0;EUROPA;ALEMANIA;2457
2007;12;C0074;FRU0021;NORTE AMERICA;USA;8460
2007;12;C0074;FRU0004;NORTE AMERICA;USA;5030
2007;12;C0074;FRU0001;NORTE AMERICA;USA;1250
2007;12;C0074;FRU0080;NORTE AMERICA;USA;5030
2007;12;C0074;FRU0006;NORTE AMERICA;USA;4500
2007;12;C0074;FRU0021;NORTE AMERICA;USA;3375
2007;12;C0074;FRU0004;NORTE AMERICA;USA;4500
2007;9;C0064;FRU0010;NORTE AMERICA;CANADA;4687
